-- MySQL dump 10.13  Distrib 8.0.42, for Linux (x86_64)
--
-- Host: localhost    Database: laapak_report_system
-- ------------------------------------------------------
-- Server version	8.0.42-0ubuntu0.24.04.1

/*!40101 SET @OLD_CHARACTER_SET_CLIENT=@@CHARACTER_SET_CLIENT */;
/*!40101 SET @OLD_CHARACTER_SET_RESULTS=@@CHARACTER_SET_RESULTS */;
/*!40101 SET @OLD_COLLATION_CONNECTION=@@COLLATION_CONNECTION */;
/*!50503 SET NAMES utf8mb4 */;
/*!40103 SET @OLD_TIME_ZONE=@@TIME_ZONE */;
/*!40103 SET TIME_ZONE='+00:00' */;
/*!40014 SET @OLD_UNIQUE_CHECKS=@@UNIQUE_CHECKS, UNIQUE_CHECKS=0 */;
/*!40014 SET @OLD_FOREIGN_KEY_CHECKS=@@FOREIGN_KEY_CHECKS, FOREIGN_KEY_CHECKS=0 */;
/*!40101 SET @OLD_SQL_MODE=@@SQL_MODE, SQL_MODE='NO_AUTO_VALUE_ON_ZERO' */;
/*!40111 SET @OLD_SQL_NOTES=@@SQL_NOTES, SQL_NOTES=0 */;

--
-- Table structure for table `admins`
--

DROP TABLE IF EXISTS `admins`;
/*!40101 SET @saved_cs_client     = @@character_set_client */;
/*!50503 SET character_set_client = utf8mb4 */;
CREATE TABLE `admins` (
  `id` int NOT NULL AUTO_INCREMENT,
  `username` varchar(255) COLLATE utf8mb4_general_ci NOT NULL,
  `password` varchar(255) COLLATE utf8mb4_general_ci NOT NULL,
  `name` varchar(255) COLLATE utf8mb4_general_ci NOT NULL,
  `role` enum('admin','technician','viewer') COLLATE utf8mb4_general_ci NOT NULL DEFAULT 'viewer',
  `email` varchar(255) COLLATE utf8mb4_general_ci DEFAULT NULL,
  `lastLogin` datetime DEFAULT NULL,
  `createdAt` datetime NOT NULL,
  `updatedAt` datetime NOT NULL,
  PRIMARY KEY (`id`),
  UNIQUE KEY `username` (`username`),
  UNIQUE KEY `username_2` (`username`),
  UNIQUE KEY `username_3` (`username`)
) ENGINE=InnoDB AUTO_INCREMENT=7 DEFAULT CHARSET=utf8mb4 COLLATE=utf8mb4_general_ci;
/*!40101 SET character_set_client = @saved_cs_client */;

--
-- Dumping data for table `admins`
--

LOCK TABLES `admins` WRITE;
/*!40000 ALTER TABLE `admins` DISABLE KEYS */;
INSERT INTO `admins` VALUES (1,'admin','admin123','مدير النظام','admin','admin@laapak.com','2025-07-09 14:44:39','2025-05-15 18:57:06','2025-07-09 14:44:39'),(2,'tech','tech123','فني الصيانة','technician','tech@laapak.com',NULL,'2025-05-15 18:57:06','2025-05-15 18:57:06'),(3,'viewer','viewer123','مشاهد','viewer','viewer@laapak.com',NULL,'2025-05-15 18:57:06','2025-05-15 18:57:06'),(4,'king','laapakglobal','مالك النظام','admin','king@laapak.com',NULL,'2025-05-27 20:19:33','2025-05-27 20:19:33'),(5,'batman','$2b$10$tF0MeW0dX2HQzZs6h2Z71uS7qp5/NL5TfTva2aLr1zJ/YL1z7HS6W','Bruce Wayne','admin','batman@laapak.com',NULL,'2025-05-29 16:01:34','2025-05-29 16:01:34'),(6,'saif','saif','Saif','admin','batman@laapak.com',NULL,'2025-05-29 16:03:15','2025-05-29 16:03:15');
/*!40000 ALTER TABLE `admins` ENABLE KEYS */;
UNLOCK TABLES;

--
-- Table structure for table `clients`
--

DROP TABLE IF EXISTS `clients`;
/*!40101 SET @saved_cs_client     = @@character_set_client */;
/*!50503 SET character_set_client = utf8mb4 */;
CREATE TABLE `clients` (
  `id` int NOT NULL AUTO_INCREMENT,
  `name` varchar(255) COLLATE utf8mb4_general_ci NOT NULL,
  `phone` varchar(255) COLLATE utf8mb4_general_ci NOT NULL,
  `orderCode` varchar(255) COLLATE utf8mb4_general_ci NOT NULL,
  `email` varchar(255) COLLATE utf8mb4_general_ci DEFAULT NULL,
  `address` text COLLATE utf8mb4_general_ci,
  `status` enum('active','inactive') COLLATE utf8mb4_general_ci NOT NULL DEFAULT 'active',
  `lastLogin` datetime DEFAULT NULL,
  `createdAt` datetime NOT NULL,
  `updatedAt` datetime NOT NULL,
  PRIMARY KEY (`id`),
  UNIQUE KEY `phone` (`phone`),
  UNIQUE KEY `phone_2` (`phone`),
  UNIQUE KEY `phone_3` (`phone`),
  UNIQUE KEY `phone_4` (`phone`),
  UNIQUE KEY `phone_5` (`phone`),
  UNIQUE KEY `phone_6` (`phone`),
  UNIQUE KEY `phone_7` (`phone`),
  UNIQUE KEY `phone_8` (`phone`),
  UNIQUE KEY `phone_9` (`phone`),
  UNIQUE KEY `phone_10` (`phone`),
  UNIQUE KEY `phone_11` (`phone`),
  UNIQUE KEY `phone_12` (`phone`),
  UNIQUE KEY `phone_13` (`phone`),
  UNIQUE KEY `phone_14` (`phone`),
  UNIQUE KEY `phone_15` (`phone`),
  UNIQUE KEY `phone_16` (`phone`),
  UNIQUE KEY `phone_17` (`phone`),
  UNIQUE KEY `phone_18` (`phone`),
  UNIQUE KEY `phone_19` (`phone`),
  UNIQUE KEY `phone_20` (`phone`),
  UNIQUE KEY `phone_21` (`phone`),
  UNIQUE KEY `phone_22` (`phone`),
  UNIQUE KEY `phone_23` (`phone`),
  UNIQUE KEY `phone_24` (`phone`),
  UNIQUE KEY `phone_25` (`phone`),
  UNIQUE KEY `phone_26` (`phone`),
  UNIQUE KEY `phone_27` (`phone`),
  UNIQUE KEY `phone_28` (`phone`),
  UNIQUE KEY `phone_29` (`phone`),
  UNIQUE KEY `phone_30` (`phone`),
  UNIQUE KEY `phone_31` (`phone`),
  UNIQUE KEY `phone_32` (`phone`),
  UNIQUE KEY `phone_33` (`phone`)
) ENGINE=InnoDB AUTO_INCREMENT=40 DEFAULT CHARSET=utf8mb4 COLLATE=utf8mb4_general_ci;
/*!40101 SET character_set_client = @saved_cs_client */;

--
-- Dumping data for table `clients`
--

LOCK TABLES `clients` WRITE;
/*!40000 ALTER TABLE `clients` DISABLE KEYS */;
INSERT INTO `clients` VALUES (4,'سيف ناصر محمود','01120352161','202',NULL,'التحرير - القاهره','active','2025-06-02 15:54:25','2025-05-15 19:00:08','2025-06-02 15:54:25'),(15,'شركة انشاء للتطوير والبناء','01021379904','LPK436',NULL,'2004 المعراج العلوي زهراء المعادي - علي الدائري','active','2025-05-28 15:19:02','2025-05-27 11:03:43','2025-05-28 15:19:02'),(16,'Ahmed Khalil','01113021967','LPK437',NULL,'طموه- شارع الجيش\nالحوامديه','active','2025-05-30 15:45:09','2025-05-29 18:09:23','2025-05-30 15:45:09'),(17,'Mohamed Hanafy','01016343268','LPK440','mohnafyy@gmail.com','الطالبية - فيصل','active','2025-06-10 12:22:24','2025-05-31 13:11:15','2025-06-10 12:22:24'),(18,'علي صابر','01157836071','LPK439',NULL,'2 ايمن رمضان - ترسا - الهرم - الجيزة','active','2025-06-16 02:16:53','2025-05-31 14:46:35','2025-06-16 02:16:53'),(19,'عادل هجرس','01023280645','LPK438',NULL,'البلاشون - شارع المسجد الكبير - بلبيس','active',NULL,'2025-05-31 15:04:46','2025-05-31 15:04:46'),(20,'محمد جلال','01155978038','LPK441',NULL,'الدقي','active','2025-06-22 11:57:58','2025-06-01 12:33:59','2025-06-22 11:57:58'),(21,'هاني خليفة','01066446604','LPK442','hanikhalifa082@gmail.com','دار ضباط الاشارة - تقاطع شارع الثورة مع شارع عمر بن الخطاب\nالقاهرة','active','2025-06-02 14:28:17','2025-06-02 14:22:49','2025-06-02 14:28:17'),(22,'Mahmoud Hassan','01222223450','LPK444',NULL,'Sama Tower - Maadi - 8th Floor','active','2025-06-04 11:05:43','2025-06-02 20:03:15','2025-06-04 11:05:43'),(23,'دكتور ابراهيم فهمي','01129686502','LPK449',NULL,'تم الاستلام من المركز','active','2025-06-08 16:41:22','2025-06-08 16:22:24','2025-06-08 16:41:22'),(24,'عيسى احمد','01111428705','LPK450',NULL,'2 شارع بهجت شرارة - الساحل - القاهرة','active',NULL,'2025-06-10 14:01:09','2025-06-10 14:01:09'),(25,'الشيوي جروب','01020320029','LPK453',NULL,NULL,'active','2025-06-12 11:20:32','2025-06-12 11:13:12','2025-06-12 11:20:32'),(26,'John Atef','01277955044','LPK451',NULL,'الاستلام من المكتب','active','2025-06-14 14:02:26','2025-06-14 13:06:11','2025-06-14 14:02:26'),(27,'احمد جودة','01158050542','LPK453',NULL,'المسلة - الفيوم','active','2025-06-15 21:34:32','2025-06-15 19:21:12','2025-06-15 21:34:32'),(28,'eslam sabry','01143500195','LPK215','eslamsabry588@gmail.com','19 شارع يوسف الجندي','active',NULL,'2025-06-22 09:30:42','2025-06-22 09:30:42'),(29,'يوسف حاتم فاروق','01022094203','LPK552','youssefammar390@gmail.com','شبين القناطر+','active',NULL,'2025-06-23 08:21:11','2025-06-23 08:21:11'),(30,'Zinab Thabet','01040585033','LPK457','zeinabthabet30@gmail.com','18 ش الهدي الصفا و المروه فيصل - الجيزه - مصر','active','2025-06-25 16:51:25','2025-06-25 10:44:14','2025-06-25 16:51:25'),(31,'فادي جرجس','01065707499','LPK463','fadygerges2077@gmail.com','محمود الجميل من كمال حمزة الاقصر - امبابة','active','2025-06-29 19:38:15','2025-06-29 19:12:25','2025-06-29 19:38:15'),(32,'سلسبيل ابراهيم','01101284463','LPK464',NULL,'دار السلام - الجسر البراني - امام مهد طيبة','active','2025-07-01 10:25:48','2025-06-29 19:45:50','2025-07-01 10:25:48'),(33,'مصطفي محمد','01550576494','LPK470',NULL,'ساقيه المنقدي بجوار مسجد الحاج مروان القاضي - اشمون','active','2025-07-05 16:58:16','2025-07-01 10:28:52','2025-07-05 16:58:16'),(34,'يوسف اشرف','01150685053','LPK471',NULL,'شارع عاشور الكبابجي - دائري بهتيم - شبرا الخيمة ثانٍ','active','2025-07-05 14:08:46','2025-07-02 19:57:51','2025-07-05 14:08:46'),(35,'يوسف سعيد','01222458455','LPK475',NULL,'البرانية - شارع الساحل - اشمون','active','2025-07-07 10:34:49','2025-07-06 14:36:58','2025-07-07 10:34:49'),(36,'abdaAbdEl Hakeem Mohamed','01122814711','LPK476',NULL,'الاستلام من الفرع','active','2025-07-09 14:34:42','2025-07-06 14:53:42','2025-07-09 14:34:42'),(37,'مصطفي تامر','01145160256','LPK479',NULL,'شارع مسجد الرحمه','active','2025-07-08 14:51:06','2025-07-08 14:17:30','2025-07-08 14:51:06'),(38,'عمرو رضا','01027601352','LPK478',NULL,'مؤسسه الزكاه - شارع علي ندا - المرج','active','2025-07-08 16:23:26','2025-07-08 15:50:05','2025-07-08 16:23:26'),(39,'اسلام صلاح الدين حلمي','01100405280','481 LPK',NULL,'المعراج - المعادي','active','2025-07-09 18:19:17','2025-07-09 14:47:40','2025-07-09 18:19:17');
/*!40000 ALTER TABLE `clients` ENABLE KEYS */;
UNLOCK TABLES;

--
-- Table structure for table `invoice_items`
--

DROP TABLE IF EXISTS `invoice_items`;
/*!40101 SET @saved_cs_client     = @@character_set_client */;
/*!50503 SET character_set_client = utf8mb4 */;
CREATE TABLE `invoice_items` (
  `id` int NOT NULL AUTO_INCREMENT,
  `invoiceId` varchar(255) COLLATE utf8mb4_general_ci NOT NULL,
  `description` varchar(255) COLLATE utf8mb4_general_ci NOT NULL,
  `type` enum('laptop','item','service') COLLATE utf8mb4_general_ci NOT NULL,
  `amount` decimal(10,2) NOT NULL,
  `quantity` int DEFAULT '1',
  `totalAmount` decimal(10,2) NOT NULL,
  `serialNumber` varchar(255) COLLATE utf8mb4_general_ci DEFAULT NULL,
  `created_at` datetime NOT NULL,
  `invoice_id` varchar(255) COLLATE utf8mb4_general_ci DEFAULT NULL,
  PRIMARY KEY (`id`),
  KEY `invoiceId` (`invoiceId`),
  KEY `invoice_items_invoice_id_foreign_idx` (`invoice_id`),
  CONSTRAINT `invoice_items_ibfk_1` FOREIGN KEY (`invoiceId`) REFERENCES `invoices` (`id`),
  CONSTRAINT `invoice_items_invoice_id_foreign_idx` FOREIGN KEY (`invoice_id`) REFERENCES `invoices` (`id`) ON DELETE CASCADE ON UPDATE CASCADE
) ENGINE=InnoDB AUTO_INCREMENT=274 DEFAULT CHARSET=utf8mb4 COLLATE=utf8mb4_general_ci;
/*!40101 SET character_set_client = @saved_cs_client */;

--
-- Dumping data for table `invoice_items`
--

LOCK TABLES `invoice_items` WRITE;
/*!40000 ALTER TABLE `invoice_items` DISABLE KEYS */;
INSERT INTO `invoice_items` VALUES (217,'INV1748605474143500','HP Zbook 15u G6 (SN: 5CG0183FXG)','laptop',18000.00,1,0.00,'5CG0183FXG','2025-06-01 15:28:19',NULL),(218,'INV1748698441098676','HP Elitebook 845 G7 (SN: CND1174MPD)','laptop',13000.00,1,0.00,'CND1174MPD','2025-06-01 15:28:52',NULL),(228,'INV1748874333928163','Dell Latitude 7400 (SN: 8T72N33)','laptop',17500.00,1,0.00,'8T72N33','2025-06-03 18:51:33',NULL),(232,'INV1749400529666123','Dell Precision 5520 (SN: XXXXX)','laptop',18000.00,1,0.00,'XXXXX','2025-06-08 16:38:42',NULL),(235,'INV1749566254810868','HP Elitebook 840 G7 (SN: 5CG12407C2)','laptop',13500.00,1,0.00,'5CG12407C2','2025-06-12 13:08:26',NULL),(242,'INV1748533072899376','Dell Latitude 5500 ','item',11500.00,1,0.00,'F98WD43','2025-06-12 13:11:26',NULL),(243,'INV1748533072899376','Dell Latitude 5500 ','item',11500.00,1,0.00,'2PX42Z2','2025-06-12 13:11:26',NULL),(244,'INV1748533072899376','Dell Latitude 5500 ','item',11500.00,1,0.00,'5C76M13','2025-06-12 13:11:26',NULL),(247,'INV1749907870915781','HP Elitebook 845 G7 (SN: 2TK144044S)','laptop',13000.00,1,0.00,'2TK144044S','2025-06-15 19:29:18',NULL),(258,'INV1751366041159939','HP Zbook G7 (SN: CND1174MPD)','laptop',28000.00,1,0.00,'CND1174MPD','2025-07-06 15:19:51',NULL),(259,'INV1751366041159939','عمولة فودافون كاش','item',280.00,1,0.00,NULL,'2025-07-06 15:19:51',NULL),(260,'INV1751227594053212','HP Elitebook 845 G7 (SN: 2TK1110HS0)','laptop',11500.00,1,0.00,'2TK1110HS0','2025-07-06 15:20:31',NULL),(262,'INV1751984663783181','HP EliteBook 845 G7  (SN: 5CG1448YC0)','laptop',11500.00,1,11500.00,'5CG1448YC0','2025-07-08 14:24:23',NULL),(266,'INV1752082502154810','Dell 5550 (RPT487929547)','item',8250.00,1,0.00,NULL,'2025-07-09 17:35:40',NULL),(267,'INV1752082502154810','Dell Latitude 7490 (RPT454149951)','item',8250.00,1,0.00,NULL,'2025-07-09 17:35:40',NULL),(268,'INV1751225116462217','HP Elitebook 845 G7 (SN: 2TK14404P8)','laptop',11500.00,1,0.00,'2TK14404P8','2025-07-09 17:38:26',NULL),(269,'INV1750861542448504','HP Zbook 15 G5 x360 (SN: 5CD92685PY)','laptop',25999.00,1,0.00,'5CD92685PY','2025-07-09 17:38:47',NULL),(270,'INV1751990804818694','HP EliteBook 845 G7 (SN: 2TK11601CT)','laptop',11500.00,1,0.00,'2TK11601CT','2025-07-09 17:40:15',NULL),(271,'INV1751816049064442','Surface 3 (SN: 025553101457)','laptop',19500.00,1,0.00,'025553101457','2025-07-09 17:40:46',NULL),(272,'INV175181275870339','HP EliteBook 845 G7  (SN: 2TK111056X)','laptop',11500.00,1,0.00,'2TK111056X','2025-07-09 17:45:47',NULL),(273,'INV175148667093024','HP Elitebook 845 G7 (SN: 2TK1110C0X)','laptop',11500.00,1,0.00,'2TK1110C0X','2025-07-09 17:46:30',NULL);
/*!40000 ALTER TABLE `invoice_items` ENABLE KEYS */;
UNLOCK TABLES;

--
-- Table structure for table `invoice_reports`
--

DROP TABLE IF EXISTS `invoice_reports`;
/*!40101 SET @saved_cs_client     = @@character_set_client */;
/*!50503 SET character_set_client = utf8mb4 */;
CREATE TABLE `invoice_reports` (
  `id` int NOT NULL AUTO_INCREMENT,
  `invoice_id` varchar(255) COLLATE utf8mb4_general_ci NOT NULL,
  `report_id` varchar(50) COLLATE utf8mb4_general_ci NOT NULL,
  `created_at` datetime NOT NULL,
  `updated_at` datetime NOT NULL,
  PRIMARY KEY (`id`),
  UNIQUE KEY `unique_invoice_report` (`invoice_id`,`report_id`),
  KEY `report_id` (`report_id`),
  CONSTRAINT `invoice_reports_ibfk_7` FOREIGN KEY (`invoice_id`) REFERENCES `invoices` (`id`) ON DELETE CASCADE ON UPDATE CASCADE,
  CONSTRAINT `invoice_reports_ibfk_8` FOREIGN KEY (`report_id`) REFERENCES `reports` (`id`) ON DELETE CASCADE ON UPDATE CASCADE
) ENGINE=InnoDB AUTO_INCREMENT=49 DEFAULT CHARSET=utf8mb4 COLLATE=utf8mb4_general_ci;
/*!40101 SET character_set_client = @saved_cs_client */;

--
-- Dumping data for table `invoice_reports`
--

LOCK TABLES `invoice_reports` WRITE;
/*!40000 ALTER TABLE `invoice_reports` DISABLE KEYS */;
/*!40000 ALTER TABLE `invoice_reports` ENABLE KEYS */;
UNLOCK TABLES;

--
-- Table structure for table `invoices`
--

DROP TABLE IF EXISTS `invoices`;
/*!40101 SET @saved_cs_client     = @@character_set_client */;
/*!50503 SET character_set_client = utf8mb4 */;
CREATE TABLE `invoices` (
  `id` varchar(255) COLLATE utf8mb4_general_ci NOT NULL,
  `client_id` int NOT NULL,
  `date` datetime NOT NULL,
  `subtotal` decimal(10,2) NOT NULL,
  `discount` decimal(10,2) DEFAULT '0.00',
  `taxRate` decimal(5,2) DEFAULT '14.00',
  `tax` decimal(10,2) NOT NULL,
  `total` decimal(10,2) NOT NULL,
  `paymentStatus` enum('unpaid','partial','paid') COLLATE utf8mb4_general_ci DEFAULT 'unpaid',
  `paymentMethod` varchar(255) COLLATE utf8mb4_general_ci DEFAULT NULL,
  `paymentDate` datetime DEFAULT NULL,
  `created_at` datetime NOT NULL,
  `updated_at` datetime NOT NULL,
  `reportId` varchar(255) COLLATE utf8mb4_general_ci DEFAULT NULL,
  `report_id` varchar(50) COLLATE utf8mb4_general_ci DEFAULT NULL,
  PRIMARY KEY (`id`),
  KEY `client_id` (`client_id`),
  KEY `reportId` (`reportId`),
  KEY `invoices_report_id_foreign_idx` (`report_id`),
  CONSTRAINT `invoices_ibfk_129` FOREIGN KEY (`client_id`) REFERENCES `clients` (`id`) ON DELETE CASCADE ON UPDATE CASCADE,
  CONSTRAINT `invoices_ibfk_130` FOREIGN KEY (`reportId`) REFERENCES `reports` (`id`),
  CONSTRAINT `invoices_report_id_foreign_idx` FOREIGN KEY (`report_id`) REFERENCES `reports` (`id`) ON DELETE SET NULL ON UPDATE CASCADE
) ENGINE=InnoDB DEFAULT CHARSET=utf8mb4 COLLATE=utf8mb4_general_ci;
/*!40101 SET character_set_client = @saved_cs_client */;

--
-- Dumping data for table `invoices`
--

LOCK TABLES `invoices` WRITE;
/*!40000 ALTER TABLE `invoices` DISABLE KEYS */;
INSERT INTO `invoices` VALUES ('INV1748533072899376',15,'2025-05-27 00:00:00',34500.00,0.00,14.00,4830.00,39330.00,'paid','bank',NULL,'2025-05-29 15:37:52','2025-06-12 13:11:26',NULL,NULL),('INV1748605474143500',16,'2025-05-30 00:00:00',18000.00,0.00,0.00,0.00,18000.00,'paid','instapay',NULL,'2025-05-30 11:44:34','2025-06-01 15:28:19',NULL,NULL),('INV1748698441098676',17,'2025-05-31 00:00:00',13000.00,0.00,0.00,0.00,13000.00,'paid','cash',NULL,'2025-05-31 13:34:01','2025-06-01 15:28:52',NULL,NULL),('INV1748874333928163',21,'2025-06-02 00:00:00',17500.00,0.00,0.00,0.00,17500.00,'paid','instapay',NULL,'2025-06-02 14:25:33','2025-06-03 18:51:33',NULL,NULL),('INV1749400529666123',23,'2025-06-08 00:00:00',18000.00,0.00,0.00,0.00,18000.00,'paid','cash',NULL,'2025-06-08 16:35:29','2025-06-08 16:38:42',NULL,NULL),('INV1749566254810868',24,'2025-06-10 00:00:00',13500.00,0.00,0.00,0.00,13500.00,'paid','cash',NULL,'2025-06-10 14:37:34','2025-06-12 13:08:26',NULL,NULL),('INV1749907870915781',26,'2025-06-14 00:00:00',13000.00,0.00,0.00,0.00,13000.00,'paid','card',NULL,'2025-06-14 13:31:10','2025-06-15 19:29:18',NULL,NULL),('INV1750861542448504',30,'2025-06-25 00:00:00',25999.00,0.00,0.00,0.00,25999.00,'paid','instapay',NULL,'2025-06-25 14:25:42','2025-07-09 17:38:47',NULL,NULL),('INV1751225116462217',31,'2025-06-29 00:00:00',11500.00,0.00,0.00,0.00,11500.00,'paid','cash',NULL,'2025-06-29 19:25:16','2025-07-09 17:38:26',NULL,NULL),('INV1751227594053212',32,'2025-06-29 00:00:00',11500.00,0.00,0.00,0.00,11500.00,'paid','cash',NULL,'2025-06-29 20:06:34','2025-07-06 15:20:31',NULL,NULL),('INV1751366041159939',33,'2025-07-01 00:00:00',28280.00,0.00,0.00,0.00,28280.00,'paid','other',NULL,'2025-07-01 10:34:01','2025-07-06 15:19:51',NULL,NULL),('INV175148667093024',34,'2025-07-02 00:00:00',11500.00,0.00,0.00,0.00,11500.00,'paid','cash',NULL,'2025-07-02 20:04:30','2025-07-09 17:46:30',NULL,NULL),('INV175181275870339',35,'2025-07-06 00:00:00',11500.00,0.00,0.00,0.00,11500.00,'paid','cash',NULL,'2025-07-06 14:39:18','2025-07-09 17:45:47',NULL,NULL),('INV1751816049064442',36,'2025-07-06 00:00:00',19500.00,0.00,0.00,0.00,19500.00,'paid','instapay',NULL,'2025-07-06 15:34:09','2025-07-09 17:40:46',NULL,NULL),('INV1751984663783181',37,'2025-07-08 14:24:23',11500.00,0.00,0.00,0.00,11500.00,'unpaid',NULL,NULL,'2025-07-08 14:24:23','2025-07-08 14:24:23',NULL,NULL),('INV1751990804818694',38,'2025-07-08 00:00:00',11500.00,0.00,0.00,0.00,11500.00,'paid','cash',NULL,'2025-07-08 16:06:44','2025-07-09 17:40:15',NULL,NULL),('INV1752082502154810',39,'2025-07-09 00:00:00',16500.00,0.00,14.00,0.00,16500.00,'unpaid','bank_transfer',NULL,'2025-07-09 17:35:02','2025-07-09 17:35:40',NULL,NULL);
/*!40000 ALTER TABLE `invoices` ENABLE KEYS */;
UNLOCK TABLES;

--
-- Table structure for table `report_technical_tests`
--

DROP TABLE IF EXISTS `report_technical_tests`;
/*!40101 SET @saved_cs_client     = @@character_set_client */;
/*!50503 SET character_set_client = utf8mb4 */;
CREATE TABLE `report_technical_tests` (
  `id` int NOT NULL AUTO_INCREMENT,
  `reportId` varchar(255) COLLATE utf8mb4_general_ci NOT NULL,
  `componentName` varchar(255) COLLATE utf8mb4_general_ci NOT NULL,
  `status` varchar(255) COLLATE utf8mb4_general_ci NOT NULL,
  `notes` text COLLATE utf8mb4_general_ci,
  PRIMARY KEY (`id`),
  KEY `reportId` (`reportId`),
  CONSTRAINT `report_technical_tests_ibfk_1` FOREIGN KEY (`reportId`) REFERENCES `reports` (`id`) ON DELETE CASCADE ON UPDATE CASCADE
) ENGINE=InnoDB DEFAULT CHARSET=utf8mb4 COLLATE=utf8mb4_general_ci;
/*!40101 SET character_set_client = @saved_cs_client */;

--
-- Dumping data for table `report_technical_tests`
--

LOCK TABLES `report_technical_tests` WRITE;
/*!40000 ALTER TABLE `report_technical_tests` DISABLE KEYS */;
/*!40000 ALTER TABLE `report_technical_tests` ENABLE KEYS */;
UNLOCK TABLES;

--
-- Table structure for table `reports`
--

DROP TABLE IF EXISTS `reports`;
/*!40101 SET @saved_cs_client     = @@character_set_client */;
/*!50503 SET character_set_client = utf8mb4 */;
CREATE TABLE `reports` (
  `id` varchar(50) COLLATE utf8mb4_general_ci NOT NULL,
  `client_id` int NOT NULL,
  `client_name` varchar(100) COLLATE utf8mb4_general_ci DEFAULT NULL,
  `client_phone` varchar(20) COLLATE utf8mb4_general_ci DEFAULT NULL,
  `client_email` varchar(100) COLLATE utf8mb4_general_ci DEFAULT NULL,
  `client_address` text COLLATE utf8mb4_general_ci,
  `order_number` varchar(20) COLLATE utf8mb4_general_ci NOT NULL,
  `device_model` varchar(100) COLLATE utf8mb4_general_ci NOT NULL,
  `serial_number` varchar(100) COLLATE utf8mb4_general_ci DEFAULT NULL,
  `inspection_date` datetime NOT NULL,
  `hardware_status` longtext COLLATE utf8mb4_general_ci,
  `external_images` longtext COLLATE utf8mb4_general_ci,
  `notes` text COLLATE utf8mb4_general_ci,
  `billing_enabled` tinyint(1) DEFAULT '0',
  `amount` decimal(10,2) DEFAULT '0.00',
  `status` enum('pending','in-progress','completed','cancelled','active') COLLATE utf8mb4_general_ci DEFAULT 'active',
  `created_at` datetime NOT NULL,
  `updated_at` datetime NOT NULL,
  `admin_id` int DEFAULT NULL,
  PRIMARY KEY (`id`),
  KEY `client_id` (`client_id`),
  KEY `admin_id` (`admin_id`),
  CONSTRAINT `reports_ibfk_57` FOREIGN KEY (`client_id`) REFERENCES `clients` (`id`) ON UPDATE CASCADE,
  CONSTRAINT `reports_ibfk_58` FOREIGN KEY (`admin_id`) REFERENCES `admins` (`id`) ON DELETE SET NULL ON UPDATE CASCADE
) ENGINE=InnoDB DEFAULT CHARSET=utf8mb4 COLLATE=utf8mb4_general_ci;
/*!40101 SET character_set_client = @saved_cs_client */;

--
-- Dumping data for table `reports`
--

LOCK TABLES `reports` WRITE;
/*!40000 ALTER TABLE `reports` DISABLE KEYS */;
INSERT INTO `reports` VALUES ('RPT04002961',20,'محمد جلال','01155978038',NULL,'الدقي','LPK441','HP EliteBook x360 1040 G8 ','CND1365FLY','2025-06-22 00:00:00','[{\"componentName\":\"camera\",\"status\":\"working\"},{\"componentName\":\"speakers\",\"status\":\"working\"},{\"componentName\":\"microphone\",\"status\":\"working\"},{\"componentName\":\"Wi-Fi\",\"status\":\"working\"},{\"componentName\":\"LAN\",\"status\":\"not_available\"},{\"componentName\":\"Ports\",\"status\":\"working\"},{\"componentName\":\"keyboard\",\"status\":\"working\"},{\"componentName\":\"Touchpad\",\"status\":\"working\"},{\"componentName\":\"card\",\"status\":\"working\"},{\"componentName\":\"audio_jack\",\"status\":\"working\"},{\"componentName\":\"DisplayPort\",\"status\":\"working\"},{\"componentName\":\"Bluetooth\",\"status\":\"working\"},{\"componentName\":\"touchscreen\",\"status\":\"working\"},{\"componentName\":\"notes\",\"status\":\"info\",\"notes\":\"اللاب توب فيه بصمه\",\"type\":\"note\"}]','[{\"type\":\"test_screenshot\",\"component\":\"info\",\"url\":\"https://i.ibb.co/FbtdfwkK/Annotation-2025-06-22-094651.png\"},{\"type\":\"test_screenshot\",\"component\":\"hdd\",\"url\":\"https://i.ibb.co/NgNgbssJ/Annotation-2025-06-22-095212.png\"},{\"type\":\"test_screenshot\",\"component\":\"keyboard\",\"url\":\"https://i.ibb.co/PGzHBQYM/Capture.png\"},{\"type\":\"test_screenshot\",\"component\":\"battery\",\"url\":\"https://i.ibb.co/S4DxFQYq/Whats-App-Image-2025-06-22-at-1-50-51-PM.jpg\"},{\"type\":\"test_screenshot\",\"component\":\"dxdiag\",\"url\":\"https://i.ibb.co/BKVSqjFk/Annotation-2025-06-22-095612.png\"},{\"type\":\"test_screenshot\",\"component\":\"dxdiag\",\"url\":\"https://i.ibb.co/BKVSqjFk/Annotation-2025-06-22-095612.png\"},{\"type\":\"image\",\"url\":\"https://i.ibb.co/2m642QZ/Whats-App-Image-2025-06-22-at-14-03-32-e7080b75.jpg\"},{\"type\":\"image\",\"url\":\"https://i.ibb.co/WNDh8Bck/Whats-App-Image-2025-06-22-at-14-03-35-9059f894.jpg\"},{\"type\":\"image\",\"url\":\"https://i.ibb.co/cSdSW0XL/Whats-App-Image-2025-06-22-at-14-03-34-fe996708.jpg\"}]','',1,24000.00,'active','2025-06-22 12:24:01','2025-06-22 12:24:01',NULL),('RPT040167147',33,'مصطفي محمد','01550576494',NULL,'ساقيه المنقدي بجوار مسجد الحاج مروان القاضي - اشمون','LPK470','HP Zbook G7','CND1174MPD','2025-07-01 00:00:00','[{\"componentName\":\"camera\",\"status\":\"working\"},{\"componentName\":\"speakers\",\"status\":\"working\"},{\"componentName\":\"microphone\",\"status\":\"working\"},{\"componentName\":\"Wi-Fi\",\"status\":\"working\"},{\"componentName\":\"LAN\",\"status\":\"working\"},{\"componentName\":\"Ports\",\"status\":\"working\"},{\"componentName\":\"keyboard\",\"status\":\"working\"},{\"componentName\":\"Touchpad\",\"status\":\"working\"},{\"componentName\":\"card\",\"status\":\"working\"},{\"componentName\":\"audio_jack\",\"status\":\"working\"},{\"componentName\":\"DisplayPort\",\"status\":\"working\"},{\"componentName\":\"Bluetooth\",\"status\":\"working\"},{\"componentName\":\"touchscreen\",\"status\":\"not_available\"}]','[{\"type\":\"test_screenshot\",\"component\":\"info\",\"url\":\"https://i.ibb.co/Kpmc7nDZ/Annotation-2025-05-31-070430.png\"},{\"type\":\"test_screenshot\",\"component\":\"cpu\",\"url\":\"https://i.ibb.co/KpCqgQPD/Annotation-2025-05-31-071410.png\"},{\"type\":\"test_screenshot\",\"component\":\"gpu\",\"url\":\"https://i.ibb.co/nMZwPf6G/Annotation-2025-05-31-071124.png\"},{\"type\":\"test_screenshot\",\"component\":\"hdd\",\"url\":\"https://i.ibb.co/F2SW10R/Screenshot-2025-05-31-102712.png\"},{\"type\":\"test_screenshot\",\"component\":\"keyboard\",\"url\":\"https://i.ibb.co/ZzxgBg9v/Annotation-2025-05-31-070541.png\"},{\"type\":\"test_screenshot\",\"component\":\"battery\",\"url\":\"https://i.ibb.co/QvDB3fdZ/Whats-App-Image-2025-05-31-at-18-06-17-5550a254.jpg\"},{\"type\":\"test_screenshot\",\"component\":\"dxdiag\",\"url\":\"https://i.ibb.co/Hp79mMzB/Annotation-2025-05-31-065942.png\"},{\"type\":\"test_screenshot\",\"component\":\"dxdiag\",\"url\":\"https://i.ibb.co/ns93Qzth/Annotation-2025-05-31-070029.png\"},{\"type\":\"image\",\"url\":\"https://i.ibb.co/3mcyzdpF/Whats-App-Image-2025-05-31-at-17-43-46-fe09f176.jpg\"},{\"type\":\"image\",\"url\":\"https://i.ibb.co/x8Gryf49/Whats-App-Image-2025-05-31-at-17-43-45-f859c597.jpg\"},{\"type\":\"image\",\"url\":\"https://i.ibb.co/KcTh8R2z/Whats-App-Image-2025-05-31-at-17-43-45-02aa4e00.jpg\"},{\"type\":\"video\",\"url\":\"https://files.catbox.moe/g8b20i.mp4\"}]','',1,27999.00,'active','2025-07-01 10:34:00','2025-07-01 10:34:00',NULL),('RPT048562548',36,'abdaAbdEl Hakeem Mohamed','01122814711',NULL,'الاستلام من الفرع','LPK476','Surface 3','025553101457','2025-07-06 00:00:00','[{\"componentName\":\"camera\",\"status\":\"working\"},{\"componentName\":\"speakers\",\"status\":\"working\"},{\"componentName\":\"microphone\",\"status\":\"working\"},{\"componentName\":\"Wi-Fi\",\"status\":\"working\"},{\"componentName\":\"LAN\",\"status\":\"not_available\"},{\"componentName\":\"Ports\",\"status\":\"working\"},{\"componentName\":\"keyboard\",\"status\":\"working\"},{\"componentName\":\"Touchpad\",\"status\":\"working\"},{\"componentName\":\"card\",\"status\":\"working\"},{\"componentName\":\"audio_jack\",\"status\":\"working\"},{\"componentName\":\"DisplayPort\",\"status\":\"not_available\"},{\"componentName\":\"Bluetooth\",\"status\":\"working\"},{\"componentName\":\"touchscreen\",\"status\":\"working\"}]','[{\"type\":\"test_screenshot\",\"component\":\"info\",\"url\":\"https://i.ibb.co/BHKCRb3j/Annotation-2023-07-30-003655.png\"},{\"type\":\"test_screenshot\",\"component\":\"cpu\",\"url\":\"https://i.ibb.co/fzn0JbNW/Annotation-2023-07-30-004133.png\"},{\"type\":\"test_screenshot\",\"component\":\"keyboard\",\"url\":\"https://i.ibb.co/CKP1NGpG/Annotation-2023-07-30-003745.png\"},{\"type\":\"test_screenshot\",\"component\":\"battery\",\"url\":\"https://i.ibb.co/DHwpZQ2P/Annotation-2023-07-30-004219.png\"},{\"type\":\"test_screenshot\",\"component\":\"dxdiag\",\"url\":\"https://i.ibb.co/cKXZ12hm/Annotation-2023-07-30-003855.png\"},{\"type\":\"test_screenshot\",\"component\":\"dxdiag\",\"url\":\"https://i.ibb.co/VcZVvLJF/Annotation-2023-07-30-003847.png\"},{\"type\":\"image\",\"url\":\"https://i.ibb.co/FLFmnPTk/Whats-App-Image-2025-07-06-at-18-11-18-405817c9.jpg\"},{\"type\":\"image\",\"url\":\"https://i.ibb.co/xKMzjK5S/surface.jpg\"},{\"type\":\"image\",\"url\":\"https://i.ibb.co/k617q5b2/Whats-App-Image-2025-07-06-at-18-11-18-6cf6ac9b.jpg\"},{\"type\":\"video\",\"url\":\"https://files.catbox.moe/lkdhlh.mp4\"}]','',1,19500.00,'active','2025-07-06 15:34:08','2025-07-06 15:34:08',NULL),('RPT114527661',22,'Mahmoud Hassan','01222223450',NULL,'Sama Tower - Maadi - 8th Floor','LPK444','HP Elitebook 845 G7','5CG1471Y98','2025-06-02 00:00:00','[{\"componentName\":\"camera\",\"status\":\"working\"},{\"componentName\":\"speakers\",\"status\":\"working\"},{\"componentName\":\"microphone\",\"status\":\"working\"},{\"componentName\":\"Wi-Fi\",\"status\":\"working\"},{\"componentName\":\"LAN\",\"status\":\"working\"},{\"componentName\":\"Ports\",\"status\":\"working\"},{\"componentName\":\"keyboard\",\"status\":\"working\"},{\"componentName\":\"Touchpad\",\"status\":\"working\"},{\"componentName\":\"card\",\"status\":\"working\"},{\"componentName\":\"audio_jack\",\"status\":\"working\"},{\"componentName\":\"DisplayPort\",\"status\":\"working\"},{\"componentName\":\"Bluetooth\",\"status\":\"working\"},{\"componentName\":\"touchscreen\",\"status\":\"unknown\"}]','[{\"type\":\"test_screenshot\",\"component\":\"info\",\"url\":\"https://i.ibb.co/2Y8R2hqs/Annotation-2025-06-02-115927.png\"},{\"type\":\"test_screenshot\",\"component\":\"cpu\",\"url\":\"https://i.ibb.co/JWYKRtnh/Annotation-2025-06-02-120925.png\"},{\"type\":\"test_screenshot\",\"component\":\"gpu\",\"url\":\"https://i.ibb.co/ccLLdRC6/Annotation-2025-06-02-120710.png\"},{\"type\":\"test_screenshot\",\"component\":\"hdd\",\"url\":\"https://i.ibb.co/r1m0pfj/Annotation-2025-06-02-115959.png\"},{\"type\":\"test_screenshot\",\"component\":\"keyboard\",\"url\":\"https://i.ibb.co/gbCJw0W1/Annotation-2025-06-02-120039.png\"},{\"type\":\"test_screenshot\",\"component\":\"battery\",\"url\":\"https://i.ibb.co/yccLVrxP/Whats-App-Image-2025-06-02-at-22-51-07-a5fdba3a.jpg\"},{\"type\":\"test_screenshot\",\"component\":\"dxdiag\",\"url\":\"https://i.ibb.co/7dGQCmVS/Annotation-2025-06-02-120138.png\"},{\"type\":\"test_screenshot\",\"component\":\"dxdiag\",\"url\":\"https://i.ibb.co/C52dxY1M/Annotation-2025-06-02-120145.png\"},{\"type\":\"image\",\"url\":\"https://i.ibb.co/PvPGPM5D/3.jpg\"},{\"type\":\"image\",\"url\":\"https://i.ibb.co/BV4H8Ntp/2.jpg\"},{\"type\":\"image\",\"url\":\"https://i.ibb.co/bgdjkCnf/1.jpg\"},{\"type\":\"video\",\"url\":\"https://files.catbox.moe/w3r2gj.mp4\"}]','',1,12000.00,'active','2025-06-02 20:11:54','2025-06-02 20:11:54',NULL),('RPT117071559',31,'فادي جرجس','01065707499','fadygerges2077@gmail.com','محمود الجميل من كمال حمزة الاقصر - امبابة','LPK463','HP Elitebook 845 G7','2TK14404P8','2025-06-29 00:00:00','[{\"componentName\":\"camera\",\"status\":\"working\"},{\"componentName\":\"speakers\",\"status\":\"working\"},{\"componentName\":\"microphone\",\"status\":\"working\"},{\"componentName\":\"Wi-Fi\",\"status\":\"working\"},{\"componentName\":\"LAN\",\"status\":\"not_available\"},{\"componentName\":\"Ports\",\"status\":\"working\"},{\"componentName\":\"keyboard\",\"status\":\"working\"},{\"componentName\":\"Touchpad\",\"status\":\"working\"},{\"componentName\":\"card\",\"status\":\"working\"},{\"componentName\":\"audio_jack\",\"status\":\"working\"},{\"componentName\":\"DisplayPort\",\"status\":\"working\"},{\"componentName\":\"Bluetooth\",\"status\":\"working\"},{\"componentName\":\"touchscreen\",\"status\":\"not_available\"}]','[{\"type\":\"test_screenshot\",\"component\":\"info\",\"url\":\"https://i.ibb.co/cSL4mm6z/Screenshot-2025-06-29-190900.png\"},{\"type\":\"test_screenshot\",\"component\":\"cpu\",\"url\":\"https://i.ibb.co/Rp9h7Jtq/Screenshot-2025-06-29-185241.png\"},{\"type\":\"test_screenshot\",\"component\":\"gpu\",\"url\":\"https://i.ibb.co/SCRr8qz/Screenshot-2025-06-29-185001.png\"},{\"type\":\"test_screenshot\",\"component\":\"hdd\",\"url\":\"https://i.ibb.co/DJLF2gX/Screenshot-2025-06-29-184612.png\"},{\"type\":\"test_screenshot\",\"component\":\"keyboard\",\"url\":\"https://i.ibb.co/9KSzS9t/Screenshot-2025-06-29-184656.png\"},{\"type\":\"test_screenshot\",\"component\":\"battery\",\"url\":\"https://i.ibb.co/ymzpLKZ6/Whats-App-Image-2025-06-29-at-22-09-51-04aa6a43.jpg\"},{\"type\":\"test_screenshot\",\"component\":\"dxdiag\",\"url\":\"https://i.ibb.co/DHHdkP5Y/Screenshot-2025-06-29-184729.png\"},{\"type\":\"test_screenshot\",\"component\":\"dxdiag\",\"url\":\"https://i.ibb.co/S7Nk40zK/Screenshot-2025-06-29-184736.png\"},{\"type\":\"image\",\"url\":\"https://i.ibb.co/d0gRhQnx/Whats-App-Image-2025-06-29-at-22-09-17-3e4c731a.jpg\"},{\"type\":\"image\",\"url\":\"https://i.ibb.co/7dbj067G/Whats-App-Image-2025-06-29-at-22-09-17-7f9f16a1.jpg\"},{\"type\":\"image\",\"url\":\"https://i.ibb.co/MkPffYF1/Whats-App-Image-2025-06-29-at-22-09-17-e759accc.jpg\"}]','',1,11500.00,'active','2025-06-29 19:25:16','2025-06-29 19:25:16',NULL),('RPT144993468',15,'شركة انشاء للتطوير والبناء','01021379904',NULL,'2004 المعراج العلوي زهراء المعادي - علي الدائري','LPK436','Dell Latitude 5500','5C76M13','2025-05-27 00:00:00','[{\"componentName\":\"camera\",\"status\":\"working\"},{\"componentName\":\"speakers\",\"status\":\"working\"},{\"componentName\":\"microphone\",\"status\":\"working\"},{\"componentName\":\"Wi-Fi\",\"status\":\"working\"},{\"componentName\":\"LAN\",\"status\":\"working\"},{\"componentName\":\"Ports\",\"status\":\"working\"},{\"componentName\":\"keyboard\",\"status\":\"working\"},{\"componentName\":\"Touchpad\",\"status\":\"working\"},{\"componentName\":\"card\",\"status\":\"working\"},{\"componentName\":\"audio_jack\",\"status\":\"working\"},{\"componentName\":\"DisplayPort\",\"status\":\"working\"},{\"componentName\":\"Bluetooth\",\"status\":\"working\"},{\"componentName\":\"touchscreen\",\"status\":\"not_available\"}]','[{\"type\":\"test_screenshot\",\"component\":\"info\",\"url\":\"https://i.ibb.co/1tvhZH8c/Screenshot-2025-05-27-061317.png\"},{\"type\":\"test_screenshot\",\"component\":\"cpu\",\"url\":\"https://i.ibb.co/3ydbjrmR/Screenshot-2025-05-27-061746.png\"},{\"type\":\"test_screenshot\",\"component\":\"hdd\",\"url\":\"https://i.ibb.co/XZTyKW1K/Screenshot-2025-05-27-061821.png\"},{\"type\":\"test_screenshot\",\"component\":\"keyboard\",\"url\":\"https://i.ibb.co/fz7hrVbD/Screenshot-2025-05-27-061223.png\"},{\"type\":\"test_screenshot\",\"component\":\"battery\",\"url\":\"https://i.ibb.co/spbWtBDY/Whats-App-Image-2025-05-27-at-20-09-09-8e3800fa.jpg\"},{\"type\":\"test_screenshot\",\"component\":\"dxdiag\",\"url\":\"https://i.ibb.co/35c9ZmCC/Screenshot-2025-05-27-061849.png\"},{\"type\":\"test_screenshot\",\"component\":\"dxdiag\",\"url\":\"https://i.ibb.co/Pv93qqxx/Screenshot-2025-05-27-061852.png\"}]','',1,11500.00,'active','2025-05-27 18:22:25','2025-05-27 18:22:25',NULL),('RPT194374985',22,'Mahmoud Hassan','01222223450',NULL,'Sama Tower - Maadi - 8th Floor','LPK444','Dell precision 3551','FRRDN73','2025-06-03 00:00:00','[{\"componentName\":\"camera\",\"status\":\"working\"},{\"componentName\":\"speakers\",\"status\":\"working\"},{\"componentName\":\"microphone\",\"status\":\"working\"},{\"componentName\":\"Wi-Fi\",\"status\":\"working\"},{\"componentName\":\"LAN\",\"status\":\"working\"},{\"componentName\":\"Ports\",\"status\":\"working\"},{\"componentName\":\"keyboard\",\"status\":\"working\"},{\"componentName\":\"Touchpad\",\"status\":\"working\"},{\"componentName\":\"card\",\"status\":\"working\"},{\"componentName\":\"audio_jack\",\"status\":\"working\"},{\"componentName\":\"DisplayPort\",\"status\":\"working\"},{\"componentName\":\"Bluetooth\",\"status\":\"working\"},{\"componentName\":\"touchscreen\",\"status\":\"not_available\"}]','[{\"type\":\"test_screenshot\",\"component\":\"info\",\"url\":\"https://i.ibb.co/8D9W7TPd/Annotation-2025-06-03-054334.png\"},{\"type\":\"test_screenshot\",\"component\":\"cpu\",\"url\":\"https://i.ibb.co/NDxgpbd/Annotation-2025-06-03-054829.png\"},{\"type\":\"test_screenshot\",\"component\":\"gpu\",\"url\":\"https://i.ibb.co/qYcYhq1S/Annotation-2025-06-03-054944.png\"},{\"type\":\"test_screenshot\",\"component\":\"hdd\",\"url\":\"https://i.ibb.co/KxygdcBc/Annotation-2025-06-03-054417.png\"},{\"type\":\"test_screenshot\",\"component\":\"keyboard\",\"url\":\"https://i.ibb.co/ZpTfVJV3/Annotation-2025-06-03-054612.png\"},{\"type\":\"test_screenshot\",\"component\":\"dxdiag\",\"url\":\"https://i.ibb.co/CKqzL9gT/Annotation-2025-06-03-054426.png\"},{\"type\":\"test_screenshot\",\"component\":\"dxdiag\",\"url\":\"https://i.ibb.co/FLMZWGCj/Annotation-2025-06-03-054433.png\"},{\"type\":\"image\",\"url\":\"https://i.ibb.co/YBVzcV03/Whats-App-Image-2025-06-03-at-15-46-08-25b046ca.jpg https://i.ibb.co/NXGMtN7/Whats-App-Image-2025-06-03-at-15-46-10-7efd4a20.jpg https://i.ibb.co/G31NBstV/Whats-App-Image-2025-06-03-at-15-46-10-b5dc6e3c.jpg\"},{\"type\":\"image\",\"url\":\"https://i.ibb.co/G31NBstV/Whats-App-Image-2025-06-03-at-15-46-10-b5dc6e3c.jpg\"},{\"type\":\"image\",\"url\":\"https://i.ibb.co/NXGMtN7/Whats-App-Image-2025-06-03-at-15-46-10-7efd4a20.jpg\"},{\"type\":\"video\",\"url\":\"https://files.catbox.moe/ikrbxu.mp4\"}]','',1,21000.00,'active','2025-06-03 12:53:14','2025-06-03 12:53:14',NULL),('RPT204154228',19,'عادل هجرس','01023280645',NULL,'البلاشون - شارع المسجد الكبير - بلبيس','LPK438','HP Zbook G7','CND1174MPD','2025-05-31 00:00:00','[{\"componentName\":\"camera\",\"status\":\"working\"},{\"componentName\":\"speakers\",\"status\":\"working\"},{\"componentName\":\"microphone\",\"status\":\"working\"},{\"componentName\":\"Wi-Fi\",\"status\":\"working\"},{\"componentName\":\"LAN\",\"status\":\"working\"},{\"componentName\":\"Ports\",\"status\":\"working\"},{\"componentName\":\"keyboard\",\"status\":\"working\"},{\"componentName\":\"Touchpad\",\"status\":\"working\"},{\"componentName\":\"card\",\"status\":\"working\"},{\"componentName\":\"audio_jack\",\"status\":\"working\"},{\"componentName\":\"DisplayPort\",\"status\":\"working\"},{\"componentName\":\"Bluetooth\",\"status\":\"working\"},{\"componentName\":\"touchscreen\",\"status\":\"not_available\"}]','[{\"type\":\"test_screenshot\",\"component\":\"info\",\"url\":\"https://i.ibb.co/Kpmc7nDZ/Annotation-2025-05-31-070430.png\"},{\"type\":\"test_screenshot\",\"component\":\"cpu\",\"url\":\"https://i.ibb.co/KpCqgQPD/Annotation-2025-05-31-071410.png\"},{\"type\":\"test_screenshot\",\"component\":\"gpu\",\"url\":\"https://i.ibb.co/nMZwPf6G/Annotation-2025-05-31-071124.png\"},{\"type\":\"test_screenshot\",\"component\":\"hdd\",\"url\":\"https://i.ibb.co/F2SW10R/Screenshot-2025-05-31-102712.png\"},{\"type\":\"test_screenshot\",\"component\":\"keyboard\",\"url\":\"https://i.ibb.co/ZzxgBg9v/Annotation-2025-05-31-070541.png\"},{\"type\":\"test_screenshot\",\"component\":\"battery\",\"url\":\"https://i.ibb.co/QvDB3fdZ/Whats-App-Image-2025-05-31-at-18-06-17-5550a254.jpg\"},{\"type\":\"test_screenshot\",\"component\":\"dxdiag\",\"url\":\"https://i.ibb.co/Hp79mMzB/Annotation-2025-05-31-065942.png\"},{\"type\":\"test_screenshot\",\"component\":\"dxdiag\",\"url\":\"https://i.ibb.co/ns93Qzth/Annotation-2025-05-31-070029.png\"},{\"type\":\"image\",\"url\":\"https://i.ibb.co/3mcyzdpF/Whats-App-Image-2025-05-31-at-17-43-46-fe09f176.jpg\"},{\"type\":\"image\",\"url\":\"https://i.ibb.co/x8Gryf49/Whats-App-Image-2025-05-31-at-17-43-45-f859c597.jpg\"},{\"type\":\"image\",\"url\":\"https://i.ibb.co/KcTh8R2z/Whats-App-Image-2025-05-31-at-17-43-45-02aa4e00.jpg\"},{\"type\":\"video\",\"url\":\"https://files.catbox.moe/g8b20i.mp4\"}]','',1,28000.00,'active','2025-05-31 15:10:02','2025-05-31 15:10:02',NULL),('RPT253329192',24,'عيسى احمد','01111428705',NULL,'2 شارع بهجت شرارة - الساحل - القاهرة','LPK450','HP Elitebook 840 G7','5CG12407C2','2025-06-10 00:00:00','[{\"componentName\":\"camera\",\"status\":\"working\"},{\"componentName\":\"speakers\",\"status\":\"working\"},{\"componentName\":\"microphone\",\"status\":\"working\"},{\"componentName\":\"Wi-Fi\",\"status\":\"working\"},{\"componentName\":\"LAN\",\"status\":\"not_available\"},{\"componentName\":\"Ports\",\"status\":\"working\"},{\"componentName\":\"keyboard\",\"status\":\"working\"},{\"componentName\":\"Touchpad\",\"status\":\"working\"},{\"componentName\":\"card\",\"status\":\"working\"},{\"componentName\":\"audio_jack\",\"status\":\"working\"},{\"componentName\":\"DisplayPort\",\"status\":\"working\"},{\"componentName\":\"Bluetooth\",\"status\":\"working\"},{\"componentName\":\"touchscreen\",\"status\":\"unknown\"}]','[{\"type\":\"test_screenshot\",\"component\":\"info\",\"url\":\"https://i.ibb.co/394hxyTt/Screenshot-2025-01-24-035918.png\"},{\"type\":\"test_screenshot\",\"component\":\"cpu\",\"url\":\"https://i.ibb.co/MDdz4kDT/Screenshot-2025-01-24-040401.png\"},{\"type\":\"test_screenshot\",\"component\":\"gpu\",\"url\":\"https://i.ibb.co/PvhLxLq8/Screenshot-2025-01-24-040423.png\"},{\"type\":\"test_screenshot\",\"component\":\"hdd\",\"url\":\"https://i.ibb.co/DDbtR6W6/Screenshot-2025-01-24-035659.png\"},{\"type\":\"test_screenshot\",\"component\":\"keyboard\",\"url\":\"https://i.ibb.co/B2ZvQ5R2/Screenshot-2025-01-24-035900.png\"},{\"type\":\"test_screenshot\",\"component\":\"dxdiag\",\"url\":\"https://i.ibb.co/XxTt65M7/Screenshot-2025-01-24-035957.png\"},{\"type\":\"test_screenshot\",\"component\":\"dxdiag\",\"url\":\"https://i.ibb.co/ch3dCK3R/Screenshot-2025-01-24-040012.png\"},{\"type\":\"image\",\"url\":\"https://i.ibb.co/Rkd6YjgY/1.jpg\"},{\"type\":\"image\",\"url\":\"https://i.ibb.co/hJWGnm9X/2.jpg\"},{\"type\":\"image\",\"url\":\"https://i.ibb.co/BWg77s2/3.jpg\"},{\"type\":\"video\",\"url\":\"https://files.catbox.moe/tecnpr.mp4\"}]','',1,13500.00,'active','2025-06-10 14:37:34','2025-06-10 14:37:34',NULL),('RPT33368085',21,'هاني خليفة','01066446604','hanikhalifa082@gmail.com','دار ضباط الاشارة - تقاطع شارع الثورة مع شارع عمر بن الخطاب\nالقاهرة','LPK442','Dell Latitude 7400','8T72N33','2025-06-02 00:00:00','[{\"componentName\":\"camera\",\"status\":\"working\"},{\"componentName\":\"speakers\",\"status\":\"working\"},{\"componentName\":\"microphone\",\"status\":\"working\"},{\"componentName\":\"Wi-Fi\",\"status\":\"working\"},{\"componentName\":\"LAN\",\"status\":\"not_available\"},{\"componentName\":\"Ports\",\"status\":\"working\"},{\"componentName\":\"keyboard\",\"status\":\"working\"},{\"componentName\":\"Touchpad\",\"status\":\"working\"},{\"componentName\":\"card\",\"status\":\"working\"},{\"componentName\":\"audio_jack\",\"status\":\"working\"},{\"componentName\":\"DisplayPort\",\"status\":\"working\"},{\"componentName\":\"Bluetooth\",\"status\":\"working\"},{\"componentName\":\"touchscreen\",\"status\":\"working\"}]','[{\"type\":\"test_screenshot\",\"component\":\"info\",\"url\":\"https://i.ibb.co/SDfbDgCf/Annotation-2025-05-31-104226.png\"},{\"type\":\"test_screenshot\",\"component\":\"gpu\",\"url\":\"https://i.ibb.co/3mxzpnGt/Annotation-2025-05-31-111715.png\"},{\"type\":\"test_screenshot\",\"component\":\"hdd\",\"url\":\"https://i.ibb.co/Rp0dhpZT/Annotation-2025-05-31-104303.png\"},{\"type\":\"test_screenshot\",\"component\":\"keyboard\",\"url\":\"https://i.ibb.co/zW3CJmmm/Annotation-2025-05-31-111341.png\"},{\"type\":\"test_screenshot\",\"component\":\"battery\",\"url\":\"https://i.ibb.co/kVzyKjVV/Whats-App-Image-2025-05-31-at-18-01-47-b9e32ed4.jpg\"},{\"type\":\"test_screenshot\",\"component\":\"dxdiag\",\"url\":\"https://i.ibb.co/WN6BX7VV/Annotation-2025-05-31-111449.png\"},{\"type\":\"test_screenshot\",\"component\":\"dxdiag\",\"url\":\"https://i.ibb.co/HfnFMfH1/Annotation-2025-05-31-111457.png\"},{\"type\":\"image\",\"url\":\"https://i.ibb.co/nNkPLJ5C/Whats-App-Image-2025-05-31-at-17-43-05-9be48d89.jpg\"},{\"type\":\"image\",\"url\":\"https://i.ibb.co/jvtn5djD/Whats-App-Image-2025-05-31-at-17-43-05-e3acb2b2.jpg\"},{\"type\":\"image\",\"url\":\"https://i.ibb.co/gMWwD96K/Whats-App-Image-2025-05-31-at-17-43-39-832ac07f.jpg\"},{\"type\":\"video\",\"url\":\"https://files.catbox.moe/r20v96.mp4\"}]','',1,17500.00,'active','2025-06-02 14:25:33','2025-06-02 14:25:33',NULL),('RPT397044589',15,'شركة انشاء للتطوير والبناء','01021379904',NULL,'2004 المعراج العلوي زهراء المعادي - علي الدائري','LPK436','Dell Latitude 5500','F98WD43','2025-05-27 00:00:00','[{\"componentName\":\"camera\",\"status\":\"working\"},{\"componentName\":\"speakers\",\"status\":\"working\"},{\"componentName\":\"microphone\",\"status\":\"working\"},{\"componentName\":\"Wi-Fi\",\"status\":\"working\"},{\"componentName\":\"LAN\",\"status\":\"working\"},{\"componentName\":\"Ports\",\"status\":\"working\"},{\"componentName\":\"keyboard\",\"status\":\"working\"},{\"componentName\":\"Touchpad\",\"status\":\"working\"},{\"componentName\":\"card\",\"status\":\"working\"},{\"componentName\":\"audio_jack\",\"status\":\"working\"},{\"componentName\":\"DisplayPort\",\"status\":\"working\"},{\"componentName\":\"Bluetooth\",\"status\":\"working\"},{\"componentName\":\"touchscreen\",\"status\":\"working\"}]','[{\"type\":\"test_screenshot\",\"component\":\"info\",\"url\":\"https://i.ibb.co/chn2ZGjS/Annotation-2025-05-27-144826.png\"},{\"type\":\"test_screenshot\",\"component\":\"cpu\",\"url\":\"https://i.ibb.co/RpBrS08T/Annotation-2025-05-27-145216.png\"},{\"type\":\"test_screenshot\",\"component\":\"hdd\",\"url\":\"https://i.ibb.co/3mRXjGs6/Annotation-2025-05-27-144939.png\"},{\"type\":\"test_screenshot\",\"component\":\"keyboard\",\"url\":\"https://i.ibb.co/jvhxcSXd/Annotation-2025-05-27-144856.png\"},{\"type\":\"test_screenshot\",\"component\":\"battery\",\"url\":\"https://i.ibb.co/Jj01yn50/Whats-App-Image-2025-05-27-at-20-09-09-934eef73.jpg\"},{\"type\":\"test_screenshot\",\"component\":\"dxdiag\",\"url\":\"https://i.ibb.co/hTMhY1x/Annotation-2025-05-27-144918.png\"},{\"type\":\"test_screenshot\",\"component\":\"dxdiag\",\"url\":\"https://i.ibb.co/jkTV80Jv/Annotation-2025-05-27-144913.png\"}]','',1,11500.00,'active','2025-05-27 18:43:17','2025-05-27 18:43:17',NULL),('RPT439274541',17,'Mohamed Hanafy','01016343268','mohnafyy@gmail.com','الطالبية - فيصل','LPK440','HP Elitebook 845 G7','CND1174MPD','2025-05-31 00:00:00','[{\"componentName\":\"camera\",\"status\":\"working\"},{\"componentName\":\"speakers\",\"status\":\"working\"},{\"componentName\":\"microphone\",\"status\":\"working\"},{\"componentName\":\"Wi-Fi\",\"status\":\"working\"},{\"componentName\":\"LAN\",\"status\":\"working\"},{\"componentName\":\"Ports\",\"status\":\"working\"},{\"componentName\":\"keyboard\",\"status\":\"working\"},{\"componentName\":\"Touchpad\",\"status\":\"working\"},{\"componentName\":\"card\",\"status\":\"working\"},{\"componentName\":\"audio_jack\",\"status\":\"working\"},{\"componentName\":\"DisplayPort\",\"status\":\"working\"},{\"componentName\":\"Bluetooth\",\"status\":\"working\"},{\"componentName\":\"touchscreen\",\"status\":\"not_available\"}]','[{\"type\":\"test_screenshot\",\"component\":\"info\",\"url\":\"https://i.ibb.co/bjKdLgb6/Annotation-2025-05-31-154158.png\"},{\"type\":\"test_screenshot\",\"component\":\"cpu\",\"url\":\"https://i.ibb.co/5gVqYTbM/Annotation-2025-05-31-154659.png\"},{\"type\":\"test_screenshot\",\"component\":\"gpu\",\"url\":\"https://i.ibb.co/r2tvnKwb/Annotation-2025-05-31-154737.png\"},{\"type\":\"test_screenshot\",\"component\":\"hdd\",\"url\":\"https://i.ibb.co/Ps1W3c1R/Annotation-2025-05-31-153858.png\"},{\"type\":\"test_screenshot\",\"component\":\"keyboard\",\"url\":\"https://i.ibb.co/C3xV4xx6/Annotation-2025-05-31-154018.png\"},{\"type\":\"test_screenshot\",\"component\":\"battery\",\"url\":\"https://i.ibb.co/tw83VBkM/Whats-App-Image-2025-05-31-at-16-28-52-a0931620.jpg\"},{\"type\":\"test_screenshot\",\"component\":\"dxdiag\",\"url\":\"https://i.ibb.co/JRmvXxyG/Annotation-2025-05-31-154113.png\"},{\"type\":\"test_screenshot\",\"component\":\"dxdiag\",\"url\":\"https://i.ibb.co/Gvmd2wdm/Annotation-2025-05-31-154121.png\"},{\"type\":\"image\",\"url\":\"https://i.ibb.co/4Zhp8NVv/Whats-App-Image-2025-05-31-at-16-25-04-06573ece.jpg\"},{\"type\":\"image\",\"url\":\"https://i.ibb.co/PzhrQypB/Whats-App-Image-2025-05-31-at-16-25-04-78e495b7.jpg\"},{\"type\":\"image\",\"url\":\"https://i.ibb.co/fVXdDWrR/Whats-App-Image-2025-05-31-at-16-25-00-08cdb9d8.jpg\"},{\"type\":\"video\",\"url\":\"https://files.catbox.moe/sam7hg.mp4\"}]','',1,13000.00,'active','2025-05-31 13:34:00','2025-05-31 13:34:00',NULL),('RPT454149951',39,'اسلام صلاح الدين حلمي','01100405280',NULL,'المعراج - المعادي','481 LPK','Dell Latitude 7490','4YSBNF2','2025-07-09 00:00:00','[{\"componentName\":\"camera\",\"status\":\"working\"},{\"componentName\":\"speakers\",\"status\":\"working\"},{\"componentName\":\"microphone\",\"status\":\"working\"},{\"componentName\":\"Wi-Fi\",\"status\":\"working\"},{\"componentName\":\"LAN\",\"status\":\"working\"},{\"componentName\":\"Ports\",\"status\":\"working\"},{\"componentName\":\"keyboard\",\"status\":\"working\"},{\"componentName\":\"Touchpad\",\"status\":\"working\"},{\"componentName\":\"card\",\"status\":\"working\"},{\"componentName\":\"audio_jack\",\"status\":\"working\"},{\"componentName\":\"DisplayPort\",\"status\":\"working\"},{\"componentName\":\"Bluetooth\",\"status\":\"working\"},{\"componentName\":\"touchscreen\",\"status\":\"not_available\"}]','[{\"type\":\"test_screenshot\",\"component\":\"info\",\"url\":\"https://i.ibb.co/hxMkcBwv/Annotation-2025-07-09-070108.png\"},{\"type\":\"test_screenshot\",\"component\":\"cpu\",\"url\":\"https://i.ibb.co/ksLMGGn5/Annotation-2025-07-09-070608.png\"},{\"type\":\"test_screenshot\",\"component\":\"hdd\",\"url\":\"https://i.ibb.co/fdDFHhR4/Annotation-2025-07-09-070134.png\"},{\"type\":\"test_screenshot\",\"component\":\"keyboard\",\"url\":\"https://i.ibb.co/bRmHRjx6/Annotation-2025-07-09-070231.png\"},{\"type\":\"test_screenshot\",\"component\":\"battery\",\"url\":\"https://i.ibb.co/Kkx1r0B/e6353459-0a76-486a-8963-c236b48cb567.jpg\"},{\"type\":\"test_screenshot\",\"component\":\"dxdiag\",\"url\":\"https://i.ibb.co/KcwtCRCK/Annotation-2025-07-09-070316.png\"},{\"type\":\"test_screenshot\",\"component\":\"dxdiag\",\"url\":\"https://i.ibb.co/4nn1vpKj/Annotation-2025-07-09-070308.png\"},{\"type\":\"image\",\"url\":\"https://i.ibb.co/cSzmVL0V/3fa16982-c3c4-4eb3-a79e-2259007b61e7.jpg\"},{\"type\":\"image\",\"url\":\"https://i.ibb.co/qYkXc9k5/8697984c-017a-4bd7-bea1-9478fbfa3538.jpg\"},{\"type\":\"image\",\"url\":\"https://i.ibb.co/qFyf46QD/feaa5fd7-ed0e-4f8e-8a4c-2102f54e753f.jpg\"},{\"type\":\"video\",\"url\":\"https://files.catbox.moe/5hvgqm.mp4\"}]','',0,8250.00,'active','2025-07-09 17:17:34','2025-07-09 17:17:34',NULL),('RPT474101768',16,'Ahmed Khalil','01113021967',NULL,'طموه- شارع الجيش\nالحوامديه','LPK437','HP Zbook 15u G6','5CG0183FXG','2025-05-29 00:00:00','[{\"componentName\":\"camera\",\"status\":\"working\"},{\"componentName\":\"speakers\",\"status\":\"working\"},{\"componentName\":\"microphone\",\"status\":\"working\"},{\"componentName\":\"Wi-Fi\",\"status\":\"working\"},{\"componentName\":\"LAN\",\"status\":\"working\"},{\"componentName\":\"Ports\",\"status\":\"working\"},{\"componentName\":\"keyboard\",\"status\":\"working\"},{\"componentName\":\"Touchpad\",\"status\":\"working\"},{\"componentName\":\"card\",\"status\":\"working\"},{\"componentName\":\"audio_jack\",\"status\":\"working\"},{\"componentName\":\"DisplayPort\",\"status\":\"working\"},{\"componentName\":\"Bluetooth\",\"status\":\"working\"},{\"componentName\":\"touchscreen\",\"status\":\"not_available\"}]','[{\"type\":\"test_screenshot\",\"component\":\"info\",\"url\":\"https://i.ibb.co/HTdVyXJp/Annotation-2025-05-29-204529.png\"},{\"type\":\"test_screenshot\",\"component\":\"cpu\",\"url\":\"https://i.ibb.co/R4SDLfWm/Annotation-2025-05-29-205407.png\"},{\"type\":\"test_screenshot\",\"component\":\"gpu\",\"url\":\"https://i.ibb.co/MDZKfxgG/Annotation-2025-05-29-205239.png\"},{\"type\":\"test_screenshot\",\"component\":\"gpu\",\"url\":\"https://i.ibb.co/SX8LvsrD/Annotation-2025-05-29-204951.png\"},{\"type\":\"test_screenshot\",\"component\":\"hdd\",\"url\":\"https://i.ibb.co/ZzV85CML/Annotation-2025-05-29-204627.png\"},{\"type\":\"test_screenshot\",\"component\":\"keyboard\",\"url\":\"https://i.ibb.co/zHhCjR8M/Annotation-2025-05-29-204855.png\"},{\"type\":\"test_screenshot\",\"component\":\"battery\",\"url\":\"https://i.ibb.co/QFbL8N4q/Whats-App-Image-2025-05-29-at-20-56-32-d42d0602.jpg\"},{\"type\":\"test_screenshot\",\"component\":\"dxdiag\",\"url\":\"https://i.ibb.co/zh04SZY2/Annotation-2025-05-29-204755.png\"},{\"type\":\"test_screenshot\",\"component\":\"dxdiag\",\"url\":\"https://i.ibb.co/rK6ZHdf5/Annotation-2025-05-29-204650.png\"},{\"type\":\"image\",\"url\":\"https://i.ibb.co/r2qJk1fq/Whats-App-Image-2025-05-29-at-20-57-42-5630114a.jpg\"},{\"type\":\"image\",\"url\":\"https://i.ibb.co/Qv39YF0p/Whats-App-Image-2025-05-29-at-20-58-32-2adb246d.jpg\"},{\"type\":\"image\",\"url\":\"https://i.ibb.co/4ZTNK3RR/Whats-App-Image-2025-05-29-at-20-58-32-5cad6030.jpg\"},{\"type\":\"video\",\"url\":\"https://files.catbox.moe/1jjvug.mp4\"}]','',1,18000.00,'active','2025-05-30 11:44:33','2025-05-30 11:44:33',NULL),('RPT487929547',39,'اسلام صلاح الدين حلمي','01100405280',NULL,'المعراج - المعادي','481 LPK','Dell 5550','JYVHNF2','2025-07-09 00:00:00','[{\"componentName\":\"camera\",\"status\":\"working\"},{\"componentName\":\"speakers\",\"status\":\"working\"},{\"componentName\":\"microphone\",\"status\":\"working\"},{\"componentName\":\"Wi-Fi\",\"status\":\"working\"},{\"componentName\":\"LAN\",\"status\":\"working\"},{\"componentName\":\"Ports\",\"status\":\"working\"},{\"componentName\":\"keyboard\",\"status\":\"working\"},{\"componentName\":\"Touchpad\",\"status\":\"working\"},{\"componentName\":\"card\",\"status\":\"working\"},{\"componentName\":\"audio_jack\",\"status\":\"working\"},{\"componentName\":\"DisplayPort\",\"status\":\"working\"},{\"componentName\":\"Bluetooth\",\"status\":\"working\"},{\"componentName\":\"touchscreen\",\"status\":\"not_available\"}]','[{\"type\":\"test_screenshot\",\"component\":\"info\",\"url\":\"https://i.ibb.co/fzTrgvMS/Annotation-2025-07-09-132938.png\"},{\"type\":\"test_screenshot\",\"component\":\"cpu\",\"url\":\"https://i.ibb.co/FLgydDZH/Annotation-2025-07-09-132657.png\"},{\"type\":\"test_screenshot\",\"component\":\"hdd\",\"url\":\"https://i.ibb.co/YKCN27g/Annotation-2025-07-09-133002.png\"},{\"type\":\"test_screenshot\",\"component\":\"keyboard\",\"url\":\"https://i.ibb.co/Wp5DpNQH/Annotation-2025-07-09-070231.png\"},{\"type\":\"test_screenshot\",\"component\":\"battery\",\"url\":\"https://i.ibb.co/xtRzcv3J/326e8364-8397-4c40-9a00-d2c39219c7c2.jpg\"},{\"type\":\"test_screenshot\",\"component\":\"dxdiag\",\"url\":\"https://i.ibb.co/KcwtCRCK/Annotation-2025-07-09-070316.png\"},{\"type\":\"image\",\"url\":\"https://i.ibb.co/wNbJJJtv/046705d7-034a-44c9-b356-910d373f16bd.jpg\"},{\"type\":\"image\",\"url\":\"https://i.ibb.co/7dhNJd4W/bd712bab-6a1b-4446-8ecc-e9d4f780d361.jpg\"},{\"type\":\"image\",\"url\":\"https://i.ibb.co/DHKmcJW6/b0e97fc1-7d98-4e10-9c08-67588b47b700.jpg\"},{\"type\":\"video\",\"url\":\"https://files.catbox.moe/xbzb2p.mp4\"}]','',0,8250.00,'active','2025-07-09 17:34:48','2025-07-09 17:34:48',NULL),('RPT527654311',23,'دكتور ابراهيم فهمي','01129686502',NULL,'تم الاستلام من المركز','LPK449','Dell Precision 5520','XXXXX','2025-06-03 00:00:00','[{\"componentName\":\"camera\",\"status\":\"working\"},{\"componentName\":\"speakers\",\"status\":\"working\"},{\"componentName\":\"microphone\",\"status\":\"working\"},{\"componentName\":\"Wi-Fi\",\"status\":\"working\"},{\"componentName\":\"LAN\",\"status\":\"not_available\"},{\"componentName\":\"Ports\",\"status\":\"working\"},{\"componentName\":\"keyboard\",\"status\":\"working\"},{\"componentName\":\"Touchpad\",\"status\":\"working\"},{\"componentName\":\"card\",\"status\":\"working\"},{\"componentName\":\"audio_jack\",\"status\":\"working\"},{\"componentName\":\"DisplayPort\",\"status\":\"working\"},{\"componentName\":\"Bluetooth\",\"status\":\"working\"},{\"componentName\":\"touchscreen\",\"status\":\"not_available\"}]','[{\"type\":\"image\",\"url\":\"https://i.ibb.co/MknTHqxx/Whats-App-Image-2025-06-08-at-19-25-11-a87b4784.jpg https://i.ibb.co/8gMqM3bq/Whats-App-Image-2025-06-08-at-19-25-11-d7c7090e.jpg\"},{\"type\":\"image\",\"url\":\"https://i.ibb.co/chwvkZNt/Whats-App-Image-2025-06-08-at-19-26-11-39a2e418.jpg\"},{\"type\":\"image\",\"url\":\"https://i.ibb.co/8gMqM3bq/Whats-App-Image-2025-06-08-at-19-25-11-d7c7090e.jpg\"},{\"type\":\"video\",\"url\":\"https://files.catbox.moe/uysqsp.mp4\"}]','',1,18000.00,'active','2025-06-08 16:35:29','2025-06-08 16:35:29',NULL),('RPT534368652',27,'احمد جودة','01158050542',NULL,'المسلة - الفيوم','LPK453','Dell Precision 5520','FPTY5M2','2025-06-15 00:00:00','[{\"componentName\":\"camera\",\"status\":\"working\"},{\"componentName\":\"speakers\",\"status\":\"working\"},{\"componentName\":\"microphone\",\"status\":\"working\"},{\"componentName\":\"Wi-Fi\",\"status\":\"working\"},{\"componentName\":\"LAN\",\"status\":\"not_available\"},{\"componentName\":\"Ports\",\"status\":\"working\"},{\"componentName\":\"keyboard\",\"status\":\"working\"},{\"componentName\":\"Touchpad\",\"status\":\"working\"},{\"componentName\":\"card\",\"status\":\"working\"},{\"componentName\":\"audio_jack\",\"status\":\"working\"},{\"componentName\":\"DisplayPort\",\"status\":\"working\"},{\"componentName\":\"Bluetooth\",\"status\":\"working\"},{\"componentName\":\"touchscreen\",\"status\":\"not_available\"}]','[{\"type\":\"test_screenshot\",\"component\":\"info\",\"url\":\"https://i.ibb.co/LX8HgFZ0/Annotation-2025-06-15-115239.png\"},{\"type\":\"test_screenshot\",\"component\":\"cpu\",\"url\":\"https://i.ibb.co/LD9mH1YH/Annotation-2025-06-15-115905.png\"},{\"type\":\"test_screenshot\",\"component\":\"gpu\",\"url\":\"https://i.ibb.co/yBVP8f1G/Annotation-2025-06-15-115512.png\"},{\"type\":\"test_screenshot\",\"component\":\"hdd\",\"url\":\"https://i.ibb.co/qFkgrZfs/Annotation-2025-06-15-115317.png\"},{\"type\":\"test_screenshot\",\"component\":\"keyboard\",\"url\":\"https://i.ibb.co/hRLL5fKy/Annotation-2025-06-15-115938.png\"},{\"type\":\"test_screenshot\",\"component\":\"battery\",\"url\":\"https://i.ibb.co/ynbRk5WC/Whats-App-Image-2025-06-15-at-22-20-45-d906c6bd.jpg\"},{\"type\":\"test_screenshot\",\"component\":\"dxdiag\",\"url\":\"https://i.ibb.co/HTR8fqbv/Annotation-2025-06-15-115149.png\"},{\"type\":\"test_screenshot\",\"component\":\"dxdiag\",\"url\":\"https://i.ibb.co/RT3r9rKw/Annotation-2025-06-15-115156.png\"},{\"type\":\"image\",\"url\":\"https://i.ibb.co/zkrks7Z/Whats-App-Image-2025-06-15-at-22-20-17-f2a914d1.jpg\"},{\"type\":\"image\",\"url\":\"https://i.ibb.co/gbMd5sqW/Whats-App-Image-2025-06-15-at-22-20-20-49cbb3a5.jpg\"},{\"type\":\"video\",\"url\":\"https://files.catbox.moe/pdubao.mp4\"}]','',1,18000.00,'active','2025-06-15 19:28:14','2025-06-15 19:28:14',NULL),('RPT540387817',30,'Zinab Thabet','01040585033','zeinabthabet30@gmail.com','18 ش الهدي الصفا و المروه فيصل - الجيزه - مصر','LPK457','HP Zbook 15 G5 x360','5CD92685PY','2025-06-25 00:00:00','[{\"componentName\":\"camera\",\"status\":\"working\"},{\"componentName\":\"speakers\",\"status\":\"working\"},{\"componentName\":\"microphone\",\"status\":\"working\"},{\"componentName\":\"Wi-Fi\",\"status\":\"working\"},{\"componentName\":\"LAN\",\"status\":\"working\"},{\"componentName\":\"Ports\",\"status\":\"working\"},{\"componentName\":\"keyboard\",\"status\":\"working\"},{\"componentName\":\"Touchpad\",\"status\":\"working\"},{\"componentName\":\"card\",\"status\":\"working\"},{\"componentName\":\"audio_jack\",\"status\":\"working\"},{\"componentName\":\"DisplayPort\",\"status\":\"working\"},{\"componentName\":\"Bluetooth\",\"status\":\"working\"},{\"componentName\":\"touchscreen\",\"status\":\"working\"}]','[{\"type\":\"test_screenshot\",\"component\":\"info\",\"url\":\"https://i.ibb.co/fRD1Jf5/Annotation-2025-06-25-164401.png\"},{\"type\":\"test_screenshot\",\"component\":\"cpu\",\"url\":\"https://i.ibb.co/1YX4b67J/Annotation-2025-06-25-165147.png\"},{\"type\":\"test_screenshot\",\"component\":\"gpu\",\"url\":\"https://i.ibb.co/27nkckkW/Annotation-2025-06-25-170407.png\"},{\"type\":\"test_screenshot\",\"component\":\"hdd\",\"url\":\"https://i.ibb.co/vxnKPXdH/Annotation-2025-06-25-170157.png\"},{\"type\":\"test_screenshot\",\"component\":\"keyboard\",\"url\":\"https://i.ibb.co/Nb6f8pj/Capture.png\"},{\"type\":\"test_screenshot\",\"component\":\"battery\",\"url\":\"https://i.ibb.co/bRXkVJ5X/Whats-App-Image-2025-06-25-at-17-24-31-a76ade79.jpg\"},{\"type\":\"test_screenshot\",\"component\":\"dxdiag\",\"url\":\"https://i.ibb.co/5Wc3mycj/Annotation-2025-06-25-164932.png\"},{\"type\":\"test_screenshot\",\"component\":\"dxdiag\",\"url\":\"https://i.ibb.co/WWvtP37r/Annotation-2025-06-25-164919.png\"},{\"type\":\"image\",\"url\":\"https://i.ibb.co/Fbnxkr6B/Whats-App-Image-2025-06-25-at-17-11-24-a2e2dbe6.jpg\"},{\"type\":\"image\",\"url\":\"https://i.ibb.co/6ctt6QXH/Whats-App-Image-2025-06-25-at-17-11-24-0fc94d8a.jpg\"},{\"type\":\"image\",\"url\":\"https://i.ibb.co/vCkX7zs9/Whats-App-Image-2025-06-25-at-17-11-23-1ffd8eb1.jpg\"},{\"type\":\"video\",\"url\":\"https://files.catbox.moe/3tg46g.mp4\"}]','',1,25999.00,'active','2025-06-25 14:25:42','2025-06-25 14:25:42',NULL),('RPT544039849',15,'شركة انشاء للتطوير والبناء','01021379904',NULL,'2004 المعراج العلوي زهراء المعادي - علي الدائري','LPK436','Dell Latitude 5500','2PX42Z2','2025-05-27 00:00:00','[{\"componentName\":\"camera\",\"status\":\"working\"},{\"componentName\":\"speakers\",\"status\":\"working\"},{\"componentName\":\"microphone\",\"status\":\"working\"},{\"componentName\":\"Wi-Fi\",\"status\":\"working\"},{\"componentName\":\"LAN\",\"status\":\"working\"},{\"componentName\":\"Ports\",\"status\":\"working\"},{\"componentName\":\"keyboard\",\"status\":\"working\"},{\"componentName\":\"Touchpad\",\"status\":\"working\"},{\"componentName\":\"card\",\"status\":\"working\"},{\"componentName\":\"audio_jack\",\"status\":\"working\"},{\"componentName\":\"DisplayPort\",\"status\":\"working\"},{\"componentName\":\"Bluetooth\",\"status\":\"working\"},{\"componentName\":\"touchscreen\",\"status\":\"not_available\"}]','[{\"type\":\"test_screenshot\",\"component\":\"info\",\"url\":\"https://i.ibb.co/Rkm1ZnHz/Annotation-2084-09-21-140107.png\"},{\"type\":\"test_screenshot\",\"component\":\"cpu\",\"url\":\"https://i.ibb.co/PZGcgBd3/Annotation-2084-09-21-140249.png\"},{\"type\":\"test_screenshot\",\"component\":\"hdd\",\"url\":\"https://i.ibb.co/spPGNWyP/Annotation-2084-09-21-135739.png\"},{\"type\":\"test_screenshot\",\"component\":\"keyboard\",\"url\":\"https://i.ibb.co/9j3sck6/Capture.png\"},{\"type\":\"test_screenshot\",\"component\":\"battery\",\"url\":\"https://i.ibb.co/fVKPYq6f/Whats-App-Image-2025-05-27-at-20-09-10-954978cc.jpg\"},{\"type\":\"test_screenshot\",\"component\":\"dxdiag\",\"url\":\"https://i.ibb.co/gLzFMDpW/Annotation-2084-09-21-140021.png\"}]','',1,11500.00,'active','2025-05-27 18:29:04','2025-05-27 18:29:04',NULL),('RPT595161873',32,'سلسبيل ابراهيم','01101284463',NULL,'دار السلام - الجسر البراني - امام مهد طيبة','LPK464','HP Elitebook 845 G7','2TK1110HS0','2025-06-29 00:00:00','[{\"componentName\":\"camera\",\"status\":\"working\"},{\"componentName\":\"speakers\",\"status\":\"working\"},{\"componentName\":\"microphone\",\"status\":\"working\"},{\"componentName\":\"Wi-Fi\",\"status\":\"working\"},{\"componentName\":\"LAN\",\"status\":\"not_available\"},{\"componentName\":\"Ports\",\"status\":\"working\"},{\"componentName\":\"keyboard\",\"status\":\"working\"},{\"componentName\":\"Touchpad\",\"status\":\"working\"},{\"componentName\":\"card\",\"status\":\"working\"},{\"componentName\":\"audio_jack\",\"status\":\"working\"},{\"componentName\":\"DisplayPort\",\"status\":\"working\"},{\"componentName\":\"Bluetooth\",\"status\":\"working\"},{\"componentName\":\"touchscreen\",\"status\":\"not_available\"}]','[{\"type\":\"test_screenshot\",\"component\":\"info\",\"url\":\"https://i.ibb.co/k2ynYH0C/Screenshot-2025-06-18-051226.png\"},{\"type\":\"test_screenshot\",\"component\":\"cpu\",\"url\":\"https://i.ibb.co/DP9TfCQM/Screenshot-2025-06-18-042733.png\"},{\"type\":\"test_screenshot\",\"component\":\"gpu\",\"url\":\"https://i.ibb.co/LdjgrmPR/Screenshot-2025-06-18-043032.png\"},{\"type\":\"test_screenshot\",\"component\":\"hdd\",\"url\":\"https://i.ibb.co/21SfCs6d/Screenshot-2025-06-18-043120.png\"},{\"type\":\"test_screenshot\",\"component\":\"keyboard\",\"url\":\"https://i.ibb.co/93TLFMmm/Screenshot-2025-06-18-042448.png\"},{\"type\":\"test_screenshot\",\"component\":\"battery\",\"url\":\"https://i.ibb.co/ymzpLKZ6/Whats-App-Image-2025-06-29-at-22-09-51-04aa6a43.jpg\"},{\"type\":\"test_screenshot\",\"component\":\"dxdiag\",\"url\":\"https://i.ibb.co/nqDRj90y/Screenshot-2025-06-18-042544.png\"},{\"type\":\"test_screenshot\",\"component\":\"dxdiag\",\"url\":\"https://i.ibb.co/Rp5fKVrj/Screenshot-2025-06-18-042556.png\"},{\"type\":\"image\",\"url\":\"https://i.ibb.co/KxLhgsCC/Whats-App-Image-2025-06-29-at-23-03-50-78096069.jpg\"},{\"type\":\"image\",\"url\":\"https://i.ibb.co/kg5YykD9/Whats-App-Image-2025-06-29-at-23-03-56-d774bae5.jpg\"},{\"type\":\"image\",\"url\":\"https://i.ibb.co/4ZqpTWJy/Whats-App-Image-2025-06-29-at-23-03-55-281f4519.jpg\"},{\"type\":\"video\",\"url\":\"https://files.catbox.moe/vcg7xs.mp4\"}]','',1,11500.00,'active','2025-06-29 20:06:33','2025-06-29 20:06:33',NULL),('RPT623012242',31,'مصطفي محمد','01550576494',NULL,'ساقيه المنقدي بجوار مسجد الحاج مروان القاضي\nاشمون','LPK470','HP Zbook G7','CND1174MPD','2025-07-01 00:00:00','[{\"componentName\":\"camera\",\"status\":\"working\"},{\"componentName\":\"speakers\",\"status\":\"working\"},{\"componentName\":\"microphone\",\"status\":\"working\"},{\"componentName\":\"Wi-Fi\",\"status\":\"working\"},{\"componentName\":\"LAN\",\"status\":\"working\"},{\"componentName\":\"Ports\",\"status\":\"working\"},{\"componentName\":\"keyboard\",\"status\":\"working\"},{\"componentName\":\"Touchpad\",\"status\":\"working\"},{\"componentName\":\"card\",\"status\":\"working\"},{\"componentName\":\"audio_jack\",\"status\":\"working\"},{\"componentName\":\"DisplayPort\",\"status\":\"working\"},{\"componentName\":\"Bluetooth\",\"status\":\"working\"},{\"componentName\":\"touchscreen\",\"status\":\"not_available\"}]','[{\"type\":\"test_screenshot\",\"component\":\"info\",\"url\":\"https://i.ibb.co/Kpmc7nDZ/Annotation-2025-05-31-070430.png\"},{\"type\":\"test_screenshot\",\"component\":\"cpu\",\"url\":\"https://i.ibb.co/KpCqgQPD/Annotation-2025-05-31-071410.png\"},{\"type\":\"test_screenshot\",\"component\":\"gpu\",\"url\":\"https://i.ibb.co/nMZwPf6G/Annotation-2025-05-31-071124.png\"},{\"type\":\"test_screenshot\",\"component\":\"hdd\",\"url\":\"https://i.ibb.co/F2SW10R/Screenshot-2025-05-31-102712.png\"},{\"type\":\"test_screenshot\",\"component\":\"keyboard\",\"url\":\"https://i.ibb.co/ZzxgBg9v/Annotation-2025-05-31-070541.png\"},{\"type\":\"test_screenshot\",\"component\":\"battery\",\"url\":\"https://i.ibb.co/QvDB3fdZ/Whats-App-Image-2025-05-31-at-18-06-17-5550a254.jpg\"},{\"type\":\"test_screenshot\",\"component\":\"dxdiag\",\"url\":\"https://i.ibb.co/Hp79mMzB/Annotation-2025-05-31-065942.png\"},{\"type\":\"test_screenshot\",\"component\":\"dxdiag\",\"url\":\"https://i.ibb.co/ns93Qzth/Annotation-2025-05-31-070029.png\"},{\"type\":\"image\",\"url\":\"https://i.ibb.co/3mcyzdpF/Whats-App-Image-2025-05-31-at-17-43-46-fe09f176.jpg\"},{\"type\":\"image\",\"url\":\"https://i.ibb.co/x8Gryf49/Whats-App-Image-2025-05-31-at-17-43-45-f859c597.jpg\"},{\"type\":\"image\",\"url\":\"https://i.ibb.co/KcTh8R2z/Whats-App-Image-2025-05-31-at-17-43-45-02aa4e00.jpg\"},{\"type\":\"video\",\"url\":\"https://files.catbox.moe/g8b20i.mp4\"}]','',1,27999.00,'active','2025-07-01 09:37:03','2025-07-01 09:37:03',NULL),('RPT662731999',37,'مصطفي تامر','01145160256',NULL,'شارع مسجد الرحمه','LPK479','HP EliteBook 845 G7 ','5CG1448YC0','2025-07-08 00:00:00','[{\"componentName\":\"camera\",\"status\":\"working\"},{\"componentName\":\"speakers\",\"status\":\"working\"},{\"componentName\":\"microphone\",\"status\":\"working\"},{\"componentName\":\"Wi-Fi\",\"status\":\"working\"},{\"componentName\":\"LAN\",\"status\":\"not_available\"},{\"componentName\":\"Ports\",\"status\":\"working\"},{\"componentName\":\"keyboard\",\"status\":\"working\"},{\"componentName\":\"Touchpad\",\"status\":\"working\"},{\"componentName\":\"card\",\"status\":\"working\"},{\"componentName\":\"audio_jack\",\"status\":\"working\"},{\"componentName\":\"DisplayPort\",\"status\":\"working\"},{\"componentName\":\"Bluetooth\",\"status\":\"working\"},{\"componentName\":\"touchscreen\",\"status\":\"not_available\"}]','[{\"type\":\"test_screenshot\",\"component\":\"info\",\"url\":\"https://i.ibb.co/0ywTYYk8/Annotation-2025-07-08-063718.png\"},{\"type\":\"test_screenshot\",\"component\":\"cpu\",\"url\":\"https://i.ibb.co/MLS9sgb/Annotation-2025-07-08-065107.png\"},{\"type\":\"test_screenshot\",\"component\":\"gpu\",\"url\":\"https://i.ibb.co/tMdL0YC0/Annotation-2025-07-08-065518.png\"},{\"type\":\"test_screenshot\",\"component\":\"hdd\",\"url\":\"https://i.ibb.co/Rp7ZRrKt/Annotation-2025-07-08-064307.png\"},{\"type\":\"test_screenshot\",\"component\":\"keyboard\",\"url\":\"https://i.ibb.co/Df7GJdbv/Capture.png\"},{\"type\":\"test_screenshot\",\"component\":\"battery\",\"url\":\"https://i.ibb.co/yj6R0jX/Whats-App-Image-2025-07-08-at-17-23-10-a26b7a98.jpg\"},{\"type\":\"test_screenshot\",\"component\":\"dxdiag\",\"url\":\"https://i.ibb.co/FLMmMxMR/Annotation-2025-07-08-064457.png\"},{\"type\":\"test_screenshot\",\"component\":\"dxdiag\",\"url\":\"https://i.ibb.co/zW41Nyyn/Annotation-2025-07-08-064537.png\"},{\"type\":\"image\",\"url\":\"https://i.ibb.co/6JbNnM7h/Whats-App-Image-2025-07-08-at-17-11-04-320f0983.jpg\"},{\"type\":\"image\",\"url\":\"https://i.ibb.co/m5p2pZKy/Whats-App-Image-2025-07-08-at-17-11-04-0a982123.jpg\"},{\"type\":\"image\",\"url\":\"https://i.ibb.co/ycfwV0Kn/Whats-App-Image-2025-07-08-at-17-11-03-3dd642e1.jpg\"},{\"type\":\"video\",\"url\":\"https://files.catbox.moe/p6vz2h.mp4\"}]','',1,11500.00,'active','2025-07-08 14:24:23','2025-07-08 14:24:23',NULL),('RPT670349551',34,'يوسف اشرف','01150685053',NULL,'شارع عاشور الكبابجي - دائري بهتيم - شبرا الخيمة ثانٍ','LPK471','HP Elitebook 845 G7','2TK1110C0X','2025-07-02 00:00:00','[{\"componentName\":\"camera\",\"status\":\"working\"},{\"componentName\":\"speakers\",\"status\":\"working\"},{\"componentName\":\"microphone\",\"status\":\"working\"},{\"componentName\":\"Wi-Fi\",\"status\":\"working\"},{\"componentName\":\"LAN\",\"status\":\"not_available\"},{\"componentName\":\"Ports\",\"status\":\"working\"},{\"componentName\":\"keyboard\",\"status\":\"working\"},{\"componentName\":\"Touchpad\",\"status\":\"working\"},{\"componentName\":\"card\",\"status\":\"working\"},{\"componentName\":\"audio_jack\",\"status\":\"working\"},{\"componentName\":\"DisplayPort\",\"status\":\"working\"},{\"componentName\":\"Bluetooth\",\"status\":\"working\"},{\"componentName\":\"touchscreen\",\"status\":\"not_available\"}]','[{\"type\":\"test_screenshot\",\"component\":\"info\",\"url\":\"https://i.ibb.co/qYgMMhns/Annotation-2025-07-02-223004.png\"},{\"type\":\"test_screenshot\",\"component\":\"cpu\",\"url\":\"https://i.ibb.co/HLVk0znY/Annotation-2025-07-02-223816.png\"},{\"type\":\"test_screenshot\",\"component\":\"gpu\",\"url\":\"https://i.ibb.co/d0chCPDr/Annotation-2025-07-02-224201.png\"},{\"type\":\"test_screenshot\",\"component\":\"hdd\",\"url\":\"https://i.ibb.co/VpVtf7gt/Annotation-2025-07-02-224522.png\"},{\"type\":\"test_screenshot\",\"component\":\"keyboard\",\"url\":\"https://i.ibb.co/DDQGGgFV/Annotation-2025-07-02-223214.png\"},{\"type\":\"test_screenshot\",\"component\":\"battery\",\"url\":\"https://i.ibb.co/pcsDHzL/Whats-App-Image-2025-07-02-at-22-55-10-bff37896.jpg\"},{\"type\":\"test_screenshot\",\"component\":\"dxdiag\",\"url\":\"https://i.ibb.co/vxDbqw1Z/Annotation-2025-07-02-223329.png\"},{\"type\":\"test_screenshot\",\"component\":\"dxdiag\",\"url\":\"https://i.ibb.co/d0xZsWHk/Annotation-2025-07-02-224241.png\"},{\"type\":\"image\",\"url\":\"https://i.ibb.co/DjZxwqK/Whats-App-Image-2025-07-02-at-22-54-27-ed6297a4.jpg\"},{\"type\":\"image\",\"url\":\"https://i.ibb.co/QvTcNMnk/Whats-App-Image-2025-07-02-at-22-55-09-04849962.jpg\"},{\"type\":\"image\",\"url\":\"https://i.ibb.co/35wSJfhf/Whats-App-Image-2025-07-02-at-22-55-10-4f7befc2.jpg\"},{\"type\":\"video\",\"url\":\"https://files.catbox.moe/gw55bu.mp4\"}]','',1,11500.00,'active','2025-07-02 20:04:30','2025-07-02 20:04:30',NULL),('RPT757199645',35,'يوسف سعيد','01222458455',NULL,'البرانية - شارع الساحل - اشمون','LPK475','HP EliteBook 845 G7 ','2TK111056X','2025-07-06 00:00:00','[{\"componentName\":\"camera\",\"status\":\"working\"},{\"componentName\":\"speakers\",\"status\":\"working\"},{\"componentName\":\"microphone\",\"status\":\"working\"},{\"componentName\":\"Wi-Fi\",\"status\":\"working\"},{\"componentName\":\"LAN\",\"status\":\"not_available\"},{\"componentName\":\"Ports\",\"status\":\"working\"},{\"componentName\":\"keyboard\",\"status\":\"working\"},{\"componentName\":\"Touchpad\",\"status\":\"working\"},{\"componentName\":\"card\",\"status\":\"working\"},{\"componentName\":\"audio_jack\",\"status\":\"working\"},{\"componentName\":\"DisplayPort\",\"status\":\"working\"},{\"componentName\":\"Bluetooth\",\"status\":\"working\"},{\"componentName\":\"touchscreen\",\"status\":\"not_available\"}]','[{\"type\":\"test_screenshot\",\"component\":\"info\",\"url\":\"https://i.ibb.co/6RgJfKJR/Annotation-2025-07-05-101729.png\"},{\"type\":\"test_screenshot\",\"component\":\"cpu\",\"url\":\"https://i.ibb.co/zVPh7n74/Annotation-2025-07-05-092906.png\"},{\"type\":\"test_screenshot\",\"component\":\"gpu\",\"url\":\"https://i.ibb.co/JRn78sW7/Annotation-2025-07-05-094233.png\"},{\"type\":\"test_screenshot\",\"component\":\"hdd\",\"url\":\"https://i.ibb.co/0jZVwKTc/Annotation-2025-07-05-092423.png\"},{\"type\":\"test_screenshot\",\"component\":\"keyboard\",\"url\":\"https://i.ibb.co/rRmxtfsp/Capture.png\"},{\"type\":\"test_screenshot\",\"component\":\"battery\",\"url\":\"https://i.ibb.co/7dZWKf0B/Whats-App-Image-2025-07-06-at-17-07-46-ce7dd462.jpg\"},{\"type\":\"test_screenshot\",\"component\":\"dxdiag\",\"url\":\"https://i.ibb.co/YB2JQ6h3/Annotation-2025-07-05-092518.png\"},{\"type\":\"test_screenshot\",\"component\":\"dxdiag\",\"url\":\"https://i.ibb.co/Lz6wnVK5/Annotation-2025-07-05-094003.png\"},{\"type\":\"image\",\"url\":\"https://i.ibb.co/Kj81L572/Whats-App-Image-2025-07-06-at-17-09-18-b05949d1.jpg\"},{\"type\":\"image\",\"url\":\"https://i.ibb.co/9H6Rcvs2/Whats-App-Image-2025-07-06-at-17-09-18-db1e8bf6.jpg\"},{\"type\":\"image\",\"url\":\"https://i.ibb.co/qLpRSy0Z/Whats-App-Image-2025-07-06-at-17-09-18-d84cad02.jpg\"},{\"type\":\"video\",\"url\":\"https://files.catbox.moe/y4nbwa.mp4\"}]','',1,11500.00,'active','2025-07-06 14:39:18','2025-07-06 14:39:18',NULL),('RPT802613971',38,'عمرو رضا','01027601352',NULL,'مؤسسه الزكاه - شارع علي ندا - المرج','LPK478','HP EliteBook 845 G7','2TK11601CT','2025-07-08 00:00:00','[{\"componentName\":\"camera\",\"status\":\"working\"},{\"componentName\":\"speakers\",\"status\":\"working\"},{\"componentName\":\"microphone\",\"status\":\"working\"},{\"componentName\":\"Wi-Fi\",\"status\":\"working\"},{\"componentName\":\"LAN\",\"status\":\"not_available\"},{\"componentName\":\"Ports\",\"status\":\"working\"},{\"componentName\":\"keyboard\",\"status\":\"working\"},{\"componentName\":\"Touchpad\",\"status\":\"working\"},{\"componentName\":\"card\",\"status\":\"working\"},{\"componentName\":\"audio_jack\",\"status\":\"working\"},{\"componentName\":\"DisplayPort\",\"status\":\"working\"},{\"componentName\":\"Bluetooth\",\"status\":\"working\"},{\"componentName\":\"touchscreen\",\"status\":\"not_available\"}]','[{\"type\":\"test_screenshot\",\"component\":\"info\",\"url\":\"https://i.ibb.co/0p5gsn9M/Annotation-2025-07-08-063738.png\"},{\"type\":\"test_screenshot\",\"component\":\"cpu\",\"url\":\"https://i.ibb.co/pB3jfgVp/Annotation-2025-07-08-064751.png\"},{\"type\":\"test_screenshot\",\"component\":\"gpu\",\"url\":\"https://i.ibb.co/Mk6y8Rh6/Annotation-2025-07-08-065212.png\"},{\"type\":\"test_screenshot\",\"component\":\"keyboard\",\"url\":\"https://i.ibb.co/BVYPBn4y/Capture.png\"},{\"type\":\"test_screenshot\",\"component\":\"battery\",\"url\":\"https://i.ibb.co/spRtD5T3/Whats-App-Image-2025-07-08-at-18-45-07-a9cddee7.jpg\"},{\"type\":\"test_screenshot\",\"component\":\"dxdiag\",\"url\":\"https://i.ibb.co/p61C0LJ2/Annotation-2025-07-08-065412.png\"},{\"type\":\"test_screenshot\",\"component\":\"dxdiag\",\"url\":\"https://i.ibb.co/1JJ8c2Pb/Annotation-2025-07-08-065427.png\"},{\"type\":\"image\",\"url\":\"https://i.ibb.co/hFt3YzW5/Whats-App-Image-2025-07-08-at-18-45-06-c3eff24a.jpg\"},{\"type\":\"image\",\"url\":\"https://i.ibb.co/9kWjTrxb/Whats-App-Image-2025-07-08-at-18-47-44-4536970b.jpg\"},{\"type\":\"image\",\"url\":\"https://i.ibb.co/nsLmFRJB/Whats-App-Image-2025-07-08-at-18-45-06-55019fbe.jpg\"},{\"type\":\"video\",\"url\":\"https://files.catbox.moe/frse4b.mp4\"}]','',1,11500.00,'active','2025-07-08 16:06:44','2025-07-08 16:06:44',NULL),('RPT818987695',18,'علي صابر','01157836071',NULL,'2 ايمن رمضان - ترسا - الهرم - الجيزة','LPK439','Dell Latitude 7400','8T72N33','2025-05-31 00:00:00','[{\"componentName\":\"camera\",\"status\":\"working\"},{\"componentName\":\"speakers\",\"status\":\"working\"},{\"componentName\":\"microphone\",\"status\":\"working\"},{\"componentName\":\"Wi-Fi\",\"status\":\"working\"},{\"componentName\":\"LAN\",\"status\":\"not_available\"},{\"componentName\":\"Ports\",\"status\":\"working\"},{\"componentName\":\"keyboard\",\"status\":\"working\"},{\"componentName\":\"Touchpad\",\"status\":\"working\"},{\"componentName\":\"card\",\"status\":\"working\"},{\"componentName\":\"audio_jack\",\"status\":\"working\"},{\"componentName\":\"DisplayPort\",\"status\":\"working\"},{\"componentName\":\"Bluetooth\",\"status\":\"working\"},{\"componentName\":\"touchscreen\",\"status\":\"working\"}]','[{\"type\":\"test_screenshot\",\"component\":\"info\",\"url\":\"https://i.ibb.co/SDfbDgCf/Annotation-2025-05-31-104226.png\"},{\"type\":\"test_screenshot\",\"component\":\"cpu\",\"url\":\"https://i.ibb.co/3mxzpnGt/Annotation-2025-05-31-111715.png\"},{\"type\":\"test_screenshot\",\"component\":\"hdd\",\"url\":\"https://i.ibb.co/Rp0dhpZT/Annotation-2025-05-31-104303.png\"},{\"type\":\"test_screenshot\",\"component\":\"keyboard\",\"url\":\"https://i.ibb.co/zW3CJmmm/Annotation-2025-05-31-111341.png\"},{\"type\":\"test_screenshot\",\"component\":\"battery\",\"url\":\"https://i.ibb.co/kVzyKjVV/Whats-App-Image-2025-05-31-at-18-01-47-b9e32ed4.jpg\"},{\"type\":\"test_screenshot\",\"component\":\"dxdiag\",\"url\":\"https://i.ibb.co/HfnFMfH1/Annotation-2025-05-31-111457.png\"},{\"type\":\"test_screenshot\",\"component\":\"dxdiag\",\"url\":\"https://i.ibb.co/WN6BX7VV/Annotation-2025-05-31-111449.png\"},{\"type\":\"image\",\"url\":\"https://i.ibb.co/nNkPLJ5C/Whats-App-Image-2025-05-31-at-17-43-05-9be48d89.jpg\"},{\"type\":\"image\",\"url\":\"https://i.ibb.co/jvtn5djD/Whats-App-Image-2025-05-31-at-17-43-05-e3acb2b2.jpg\"},{\"type\":\"image\",\"url\":\"https://i.ibb.co/gMWwD96K/Whats-App-Image-2025-05-31-at-17-43-39-832ac07f.jpg\"},{\"type\":\"video\",\"url\":\"https://files.catbox.moe/r20v96.mp4\"}]','',1,17500.00,'active','2025-05-31 15:03:37','2025-05-31 15:03:37',NULL),('RPT871374856',26,'John Atef','01277955044',NULL,'الاستلام من المكتب','LPK451','HP Elitebook 845 G7','2TK144044S','2025-06-14 00:00:00','[{\"componentName\":\"camera\",\"status\":\"working\"},{\"componentName\":\"speakers\",\"status\":\"working\"},{\"componentName\":\"microphone\",\"status\":\"working\"},{\"componentName\":\"Wi-Fi\",\"status\":\"working\"},{\"componentName\":\"LAN\",\"status\":\"working\"},{\"componentName\":\"Ports\",\"status\":\"not_available\"},{\"componentName\":\"keyboard\",\"status\":\"working\"},{\"componentName\":\"Touchpad\",\"status\":\"working\"},{\"componentName\":\"card\",\"status\":\"working\"},{\"componentName\":\"audio_jack\",\"status\":\"working\"},{\"componentName\":\"DisplayPort\",\"status\":\"working\"},{\"componentName\":\"Bluetooth\",\"status\":\"working\"},{\"componentName\":\"touchscreen\",\"status\":\"not_available\"}]','[{\"type\":\"test_screenshot\",\"component\":\"info\",\"url\":\"https://i.ibb.co/4nrk0GNZ/Annotation-2025-06-14-132249.png\"},{\"type\":\"test_screenshot\",\"component\":\"cpu\",\"url\":\"https://i.ibb.co/JWYKRtnh/Annotation-2025-06-02-120925.png\"},{\"type\":\"test_screenshot\",\"component\":\"gpu\",\"url\":\"https://i.ibb.co/ccLLdRC6/Annotation-2025-06-02-120710.png\"},{\"type\":\"test_screenshot\",\"component\":\"hdd\",\"url\":\"https://i.ibb.co/PS0F7s4/Screenshot-2025-06-14-125419.png\"},{\"type\":\"test_screenshot\",\"component\":\"keyboard\",\"url\":\"https://i.ibb.co/Qv2kG4zL/Screenshot-2025-06-14-124755.png\"},{\"type\":\"test_screenshot\",\"component\":\"battery\",\"url\":\"https://i.ibb.co/Tqh5FZMr/Whats-App-Image-2025-06-14-at-16-28-49-c579d1a6.jpg\"},{\"type\":\"test_screenshot\",\"component\":\"dxdiag\",\"url\":\"https://i.ibb.co/xqPzhY1F/Screenshot-2025-06-14-124643.png\"},{\"type\":\"test_screenshot\",\"component\":\"dxdiag\",\"url\":\"https://i.ibb.co/hJtLd708/Screenshot-2025-06-14-124647.png\"},{\"type\":\"image\",\"url\":\"https://i.ibb.co/v6CDmCvv/Whats-App-Image-2025-06-14-at-15-59-40-755fb454.jpg\"},{\"type\":\"image\",\"url\":\"https://i.ibb.co/tMPDSMBc/Whats-App-Image-2025-06-14-at-15-59-40-fa60d222.jpg\"},{\"type\":\"image\",\"url\":\"https://i.ibb.co/N6b3ZP47/Whats-App-Image-2025-06-14-at-15-59-10-2ed829ff.jpg\"},{\"type\":\"video\",\"url\":\"https://files.catbox.moe/jq1sji.mp4\"}]','',1,13000.00,'active','2025-06-14 13:31:10','2025-06-14 13:31:10',NULL),('RPT902210552',20,'محمد جلال','01155978038',NULL,'الدقي','LPK441','HP Elitebook 1040 G8','CND1365FLY','2025-06-01 00:00:00','[{\"componentName\":\"camera\",\"status\":\"working\"},{\"componentName\":\"speakers\",\"status\":\"working\"},{\"componentName\":\"microphone\",\"status\":\"working\"},{\"componentName\":\"Wi-Fi\",\"status\":\"working\"},{\"componentName\":\"LAN\",\"status\":\"not_available\"},{\"componentName\":\"Ports\",\"status\":\"working\"},{\"componentName\":\"keyboard\",\"status\":\"working\"},{\"componentName\":\"Touchpad\",\"status\":\"working\"},{\"componentName\":\"card\",\"status\":\"working\"},{\"componentName\":\"audio_jack\",\"status\":\"working\"},{\"componentName\":\"DisplayPort\",\"status\":\"working\"},{\"componentName\":\"Bluetooth\",\"status\":\"working\"},{\"componentName\":\"touchscreen\",\"status\":\"working\"}]','[{\"type\":\"test_screenshot\",\"component\":\"info\",\"url\":\"https://i.ibb.co/H6hq19r/Annotation-2025-06-01-122018.png\"},{\"type\":\"test_screenshot\",\"component\":\"cpu\",\"url\":\"https://i.ibb.co/4zcLfPR/Annotation-2025-06-01-122548.png\"},{\"type\":\"test_screenshot\",\"component\":\"gpu\",\"url\":\"https://i.ibb.co/wFW7qK6w/Annotation-2025-06-01-122254.png\"},{\"type\":\"test_screenshot\",\"component\":\"hdd\",\"url\":\"https://i.ibb.co/d4bV0NY8/Annotation-2025-06-01-122035.png\"},{\"type\":\"test_screenshot\",\"component\":\"keyboard\",\"url\":\"https://i.ibb.co/bRJjkd07/Annotation-2025-06-01-122153.png\"},{\"type\":\"test_screenshot\",\"component\":\"battery\",\"url\":\"https://i.ibb.co/2Y65W0dx/1040.jpg\"},{\"type\":\"test_screenshot\",\"component\":\"dxdiag\",\"url\":\"https://i.ibb.co/22VsPZg/Annotation-2025-06-01-122103.png\"},{\"type\":\"test_screenshot\",\"component\":\"dxdiag\",\"url\":\"https://i.ibb.co/fYDhkM82/Annotation-2025-06-01-122054.png\"},{\"type\":\"image\",\"url\":\"https://i.ibb.co/VW9Gqvf4/Whats-App-Image-2025-06-01-at-15-38-35-d095eaf8.jpg\"},{\"type\":\"image\",\"url\":\"https://i.ibb.co/5X4RKdTX/Whats-App-Image-2025-06-01-at-15-38-37-4b3dfab2.jpg\"},{\"type\":\"image\",\"url\":\"https://i.ibb.co/CsvcMpZK/Whats-App-Image-2025-06-01-at-15-38-27-7566629b.jpg\"},{\"type\":\"video\",\"url\":\"https://files.catbox.moe/b50uyi.mp4\"}]','',1,24000.00,'active','2025-06-01 12:45:02','2025-06-01 12:45:02',NULL),('RPT919563252',20,'محمد جلال','01155978038',NULL,'الدقي','LPK441','HP Zbook G7 ','CND1365FLY','2025-06-22 00:00:00','[{\"componentName\":\"camera\",\"status\":\"working\"},{\"componentName\":\"speakers\",\"status\":\"working\"},{\"componentName\":\"microphone\",\"status\":\"working\"},{\"componentName\":\"Wi-Fi\",\"status\":\"working\"},{\"componentName\":\"LAN\",\"status\":\"working\"},{\"componentName\":\"Ports\",\"status\":\"working\"},{\"componentName\":\"keyboard\",\"status\":\"working\"},{\"componentName\":\"Touchpad\",\"status\":\"working\"},{\"componentName\":\"card\",\"status\":\"working\"},{\"componentName\":\"audio_jack\",\"status\":\"working\"},{\"componentName\":\"DisplayPort\",\"status\":\"working\"},{\"componentName\":\"Bluetooth\",\"status\":\"working\"},{\"componentName\":\"touchscreen\",\"status\":\"working\"},{\"componentName\":\"notes\",\"status\":\"info\",\"notes\":\"الجهاز فيه بصمه صباع\",\"type\":\"note\"}]','[{\"type\":\"test_screenshot\",\"component\":\"hdd\",\"url\":\"https://ibb.co/G3W91B0Bhttps://i.ibb.co/gFSdXH3H/Annotation-2025-06-22-095212.png\"},{\"type\":\"test_screenshot\",\"component\":\"keyboard\",\"url\":\"https://i.ibb.co/G4ys3LDH/Capture.png\"},{\"type\":\"test_screenshot\",\"component\":\"battery\",\"url\":\"https://ibb.co/bRjbDGkq][img]https://i.ibb.co/sJpWzXZk/Whats-App-Image-2025-06-22-at-1-50-51-PM.jpg\"},{\"type\":\"test_screenshot\",\"component\":\"dxdiag\",\"url\":\"https://i.ibb.co/20gBftGn/Annotation-2025-06-22-095528.png\"},{\"type\":\"test_screenshot\",\"component\":\"dxdiag\",\"url\":\"https://i.ibb.co/cRfb6g5/Annotation-2025-06-22-095612.png\"},{\"type\":\"image\",\"url\":\"https://ibb.co/sJmrXBSF][img]https://i.ibb.co/gFjCcn1D/Whats-App-Image-2025-06-22-at-14-03-35-9059f894.jpg\"},{\"type\":\"image\",\"url\":\"https://ibb.co/fdWYJ2Qx][img]https://i.ibb.co/tp6MR43J/Whats-App-Image-2025-06-22-at-14-03-34-fe996708.jpg\"},{\"type\":\"image\",\"url\":\"https://ibb.co/b5j8SfNF][img]https://i.ibb.co/1GYwDSRM/Whats-App-Image-2025-06-22-at-14-03-32-e7080b75.jpg\"},{\"type\":\"video\",\"url\":\"https://files.catbox.moe/1fativ.mp4\"}]','',1,22999.00,'active','2025-06-22 11:15:23','2025-06-22 11:15:23',NULL),('RPT956815895',25,'الشيوي جروب','01020320029',NULL,'','LPK453','Dell Latitude 7410','HBP0693','2025-06-12 00:00:00','[{\"componentName\":\"camera\",\"status\":\"working\"},{\"componentName\":\"speakers\",\"status\":\"working\"},{\"componentName\":\"microphone\",\"status\":\"working\"},{\"componentName\":\"Wi-Fi\",\"status\":\"working\"},{\"componentName\":\"LAN\",\"status\":\"working\"},{\"componentName\":\"Ports\",\"status\":\"working\"},{\"componentName\":\"keyboard\",\"status\":\"working\"},{\"componentName\":\"Touchpad\",\"status\":\"working\"},{\"componentName\":\"card\",\"status\":\"working\"},{\"componentName\":\"audio_jack\",\"status\":\"working\"},{\"componentName\":\"DisplayPort\",\"status\":\"working\"},{\"componentName\":\"Bluetooth\",\"status\":\"working\"},{\"componentName\":\"touchscreen\",\"status\":\"unknown\"}]','[{\"type\":\"test_screenshot\",\"component\":\"info\",\"url\":\"https://i.ibb.co/933q0L5z/Annotation-2024-12-30-022107.png\"},{\"type\":\"test_screenshot\",\"component\":\"cpu\",\"url\":\"https://i.ibb.co/fYyk7CgL/Annotation-2024-12-30-022026.png\"},{\"type\":\"test_screenshot\",\"component\":\"hdd\",\"url\":\"https://i.ibb.co/yFznpZB5/Annotation-2024-12-30-022133.png\"},{\"type\":\"test_screenshot\",\"component\":\"keyboard\",\"url\":\"https://i.ibb.co/S7nG48Zn/Annotation-2024-12-30-022205.png\"},{\"type\":\"test_screenshot\",\"component\":\"battery\",\"url\":\"https://i.ibb.co/W4bfs82b/Whats-App-Image-2025-06-02-at-22-54-06-8a913da2.jpg\"},{\"type\":\"test_screenshot\",\"component\":\"dxdiag\",\"url\":\"https://i.ibb.co/kgqS6VZV/Annotation-2024-12-30-022251.png\"},{\"type\":\"test_screenshot\",\"component\":\"dxdiag\",\"url\":\"https://i.ibb.co/jkrSrcBZ/Annotation-2024-12-30-022300.png\"},{\"type\":\"image\",\"url\":\"https://i.ibb.co/HDf73xmc/2-3.jpg\"},{\"type\":\"image\",\"url\":\"https://i.ibb.co/fzrmdnHc/2-2.jpg\"},{\"type\":\"image\",\"url\":\"https://i.ibb.co/3mDccvTx/2-1.jpg\"},{\"type\":\"video\",\"url\":\"https://files.catbox.moe/2igxj1.mp4\"}]','',1,11500.00,'active','2025-06-12 11:15:56','2025-06-12 11:15:56',NULL);
/*!40000 ALTER TABLE `reports` ENABLE KEYS */;
UNLOCK TABLES;
/*!40103 SET TIME_ZONE=@OLD_TIME_ZONE */;

/*!40101 SET SQL_MODE=@OLD_SQL_MODE */;
/*!40014 SET FOREIGN_KEY_CHECKS=@OLD_FOREIGN_KEY_CHECKS */;
/*!40014 SET UNIQUE_CHECKS=@OLD_UNIQUE_CHECKS */;
/*!40101 SET CHARACTER_SET_CLIENT=@OLD_CHARACTER_SET_CLIENT */;
/*!40101 SET CHARACTER_SET_RESULTS=@OLD_CHARACTER_SET_RESULTS */;
/*!40101 SET COLLATION_CONNECTION=@OLD_COLLATION_CONNECTION */;
/*!40111 SET SQL_NOTES=@OLD_SQL_NOTES */;

-- Dump completed on 2025-07-10 20:50:18
